co,team_abbr,Team,Primary Color,Secondary Color,NCAA_img,bref_name
1,LOU_CAR,Louisville,#C9001F,#000000,https://www.ncaa.com/sites/default/files/images/logos/schools/bgd/louisville.svg,Louisville Cardinals
2,NOT_IRI,Notre Dame,#0C2340,#DAAA00,https://www.ncaa.com/sites/default/files/images/logos/schools/bgd/notre-dame.svg,Notre Dame Fighting Irish
3,WAK_DEA,Wake Forest,#CEB888,#000000,https://www.ncaa.com/sites/default/files/images/logos/schools/bgd/wake-forest.svg,Wake Forest Demon Deacons
4,FLO_SEM,Florida St.,#782F40,#CEB888,https://www.ncaa.com/sites/default/files/images/logos/schools/bgd/florida-st.svg,Florida State Seminoles
5,NOR_WOL,NC State,#CC0000,#FFFFFF,https://www.ncaa.com/sites/default/files/images/logos/schools/bgd/north-carolina-st.svg,NC State Wolfpack
6,CLE_TIG,Clemson,#F56600,#522D80,https://www.ncaa.com/sites/default/files/images/logos/schools/bgd/clemson.svg,Clemson Tigers
7,BOC_EAG,Boston College,#8C2232,#DBCCA6,https://www.ncaa.com/sites/default/files/images/logos/schools/bgd/boston-college.svg,Boston College Eagles
8,MIA_HUR,Miami (FL),#F47321,#046A38,https://www.ncaa.com/sites/default/files/images/logos/schools/bgd/miami-fl.svg,Miami Hurricanes
9,VIR_TEC,Virginia Tech,#FF8200,#CC0000,https://www.ncaa.com/sites/default/files/images/logos/schools/bgl/virginia-tech.svg,Virginia Tech Hokies
10,VIR_CAV,Virginia,#232D4B,#F84C1E,https://www.ncaa.com/sites/default/files/images/logos/schools/bgd/virginia.svg,Virginia Cavaliers
11,NOR_TAR,North Carolina,#7BAFD4,#13294B,https://www.ncaa.com/sites/default/files/images/logos/schools/bgd/north-carolina.svg,North Carolina Tar Heels
12,GIT_YEL,Georgia Tech,#B3A369,#003057,https://www.ncaa.com/sites/default/files/images/logos/schools/bgd/georgia-tech.svg,Georgia Tech Yellow Jackets
13,PIT_PAN,Pittsburgh,#041E42,#FFB81C,https://www.ncaa.com/sites/default/files/images/logos/schools/bgd/pittsburgh.svg,Pittsburgh Panthers
14,DUK_BLU,Duke,#013088,#FFFFFF,https://www.ncaa.com/sites/default/files/images/logos/schools/bgd/duke.svg,Duke Blue Devils
15,TCU_HFG,TCU,#4D1979,#FFFFFF,https://www.ncaa.com/sites/default/files/images/logos/schools/bgd/tcu.svg,TCU Horned Frogs
16,OKL_COW,Oklahoma St.,#FF8200,#000000,https://www.ncaa.com/sites/default/files/images/logos/schools/bgd/oklahoma-st.svg,Oklahoma State Cowboys
17,OKL_SOO,Oklahoma,#841617,#FFFFFF,https://www.ncaa.com/sites/default/files/images/logos/schools/bgd/oklahoma.svg,Oklahoma Sooners
18,TEX_RAI,Texas Tech,#E90802,#000000,https://www.ncaa.com/sites/default/files/images/logos/schools/bgd/texas-tech.svg,Texas Tech Red Raiders
19,TEX_LON,Texas,#BF5700,#FFFFFF,https://www.ncaa.com/sites/default/files/images/logos/schools/bgd/texas.svg,Texas Longhorns
20,WES_MOU,West Virginia,#002855,#EAAA00,https://www.ncaa.com/sites/default/files/images/logos/schools/bgd/west-virginia.svg,West Virginia Mountaineers
21,KAN_WIL,Kansas St.,#512888,#FFFFFF,https://www.ncaa.com/sites/default/files/images/logos/schools/bgd/kansas-st.svg,Kansas State Wildcats
22,BAY_BEA,Baylor,#154734,#FFB81C,https://www.ncaa.com/sites/default/files/images/logos/schools/bgd/baylor.svg,Baylor Bears
23,KAN_JAY,Kansas,#0051BA,#E8000D,https://www.ncaa.com/sites/default/files/images/logos/schools/bgd/kansas.svg,Kansas Jayhawks
24,MAR_TER,Maryland,#e21833,#FFD100,https://www.ncaa.com/sites/default/files/images/logos/schools/bgl/maryland.svg,Maryland Terrapins
25,RUT_SCA,Rutgers,#CC0033,#FFFFFF,https://www.ncaa.com/sites/default/files/images/logos/schools/bgd/rutgers.svg,Rutgers Scarlet Knights
26,IOW_HAW,Iowa,#FFCD00,#000000,https://www.ncaa.com/sites/default/files/images/logos/schools/bgl/iowa.svg,Iowa Hawkeyes
27,ILL_ILL,Illinois,#E84A27,#13294B,https://www.ncaa.com/sites/default/files/images/logos/schools/bgd/illinois.svg,Illinois Fighting Illini
28,MIC_WOL,Michigan,#00274C,#FFCB05,https://www.ncaa.com/sites/default/files/images/logos/schools/bgd/michigan.svg,Michigan Wolverines
29,PEN_NIT,Penn St.,#041E42,#FFFFFF,https://www.ncaa.com/sites/default/files/images/logos/schools/bgd/penn-st.svg,Penn State Nittany Lions
30,PUR_BOI,Purdue,#CDB87D,#FFFFFF,https://www.ncaa.com/sites/default/files/images/logos/schools/bgl/purdue.svg,Purdue Boilermakers
31,NOR_CAT,Northwestern,#4E2A84,#FFFFFF,https://www.ncaa.com/sites/default/files/images/logos/schools/bgd/northwestern.svg,Northwestern Wildcats
32,IU,Indiana,#990000,#FFFFFF,https://www.ncaa.com/sites/default/files/images/logos/schools/bgd/indiana.svg,Indiana Hoosiers
33,NEB,Nebraska,#D00000,#FFFFFF,https://www.ncaa.com/sites/default/files/images/logos/schools/bgd/nebraska.svg,Nebraska Cornhuskers
34,OSU_BUC,Ohio St.,#CE0F3D,#B0B7BC,https://www.ncaa.com/sites/default/files/images/logos/schools/bgd/ohio-st.svg,Ohio State Buckeyes
35,MIC_SPA,Michigan St.,#18453B,#FFFFFF,https://www.ncaa.com/sites/default/files/images/logos/schools/bgd/michigan-st.svg,Michigan State Spartans
36,MIN_GOL,Minnesota,#7A0019,#FFD100,https://www.ncaa.com/sites/default/files/images/logos/schools/bgd/minnesota.svg,Minnesota Golden Gophers
37,STA_CAR,Stanford,#8C1515,#FFFFFF,https://www.ncaa.com/sites/default/files/images/logos/schools/bgd/stanford.svg,Stanford Cardinal
38,ORE_BEA,Oregon St.,#FF8200,#000000,https://www.ncaa.com/sites/default/files/images/logos/schools/bgd/oregon-st.svg,Oregon State Beavers
39,UCLA,UCLA,#2774AE,#F2A900,https://www.ncaa.com/sites/default/files/images/logos/schools/bgd/ucla.svg,UCLA Bruins
40,ORE_DUC,Oregon,#007030,#FEE11A,https://www.ncaa.com/sites/default/files/images/logos/schools/bgd/oregon.svg,Oregon Ducks
41,ARI_WIL,Arizona,#0c234b,#AB0520,https://www.ncaa.com/sites/default/files/images/logos/schools/bgd/arizona.svg,Arizona Wildcats
42,WAS_HUS,Washington,#33006F,#E8D3A2,https://www.ncaa.com/sites/default/files/images/logos/schools/bgd/washington.svg,Washington Huskies
43,CAL_BEA,California,#013088,#FDB515,https://www.ncaa.com/sites/default/files/images/logos/schools/bgd/california.svg,California Golden Bears
44,ARI_SUN,Arizona St.,#FFC627,#8C1D40,https://www.ncaa.com/sites/default/files/images/logos/schools/bgl/arizona-st.svg,Arizona State Sun Devils
45,WAS_COU,Washington St.,#981E32,#C8C9C7,https://www.ncaa.com/sites/default/files/images/logos/schools/bgd/washington-st.svg,Washington State Cougars
46,UTA_UTE,Utah,#CC0000,#000000,https://www.ncaa.com/sites/default/files/images/logos/schools/bgd/utah.svg,Utah Utes
47,SOU_TRO,Southern California,#990000,#FFD100,https://www.ncaa.com/sites/default/files/images/logos/schools/bgd/southern-california.svg,USC Trojans
48,TEN_VOL,Tennessee,#FF8200,#4B4B4B,https://www.ncaa.com/sites/default/files/images/logos/schools/bgd/tennessee.svg,Tennessee Volunteers
49,FLA_GAT,Florida,#003087,#FA4616,https://www.ncaa.com/sites/default/files/images/logos/schools/bgd/florida.svg,Florida Gators
50,GEO_BUL,Georgia,#BA0C2F,#000000,https://www.ncaa.com/sites/default/files/images/logos/schools/bgd/georgia.svg,Georgia Bulldogs
51,VAN_COM,Vanderbilt,#CFAE70,#000000,https://www.ncaa.com/sites/default/files/images/logos/schools/bgl/vanderbilt.svg,Vanderbilt Commodores
52,SOU_GAM,South Carolina,#73000A,#000000,https://www.ncaa.com/sites/default/files/images/logos/schools/bgd/south-carolina.svg,South Carolina Gamecocks
53,KEN_WIL,Kentucky,#0033A0,#FFFFFF,https://www.ncaa.com/sites/default/files/images/logos/schools/bgd/kentucky.svg,Kentucky Wildcats
54,MIZ_TIG,Missouri,#F1B82D,#FFFFFF,https://www.ncaa.com/sites/default/files/images/logos/schools/bgd/missouri.svg,Missouri Tigers
55,TEX_AGG,Texas A&M,#500000,#FFFFFF,https://www.ncaa.com/sites/default/files/images/logos/schools/bgd/texas-am.svg,Texas A&M Aggies
56,ARK_RAZ,Arkansas,#A41F35,#FFFFFF,https://www.ncaa.com/sites/default/files/images/logos/schools/bgl/arkansas.svg,Arkansas Razorbacks
57,LSU_TIG,LSU,#461D7C,#FDD023,https://www.ncaa.com/sites/default/files/images/logos/schools/bgd/lsu.svg,LSU Tigers
58,AUB_TIG,Auburn,#F26522,#03244d,https://www.ncaa.com/sites/default/files/images/logos/schools/bgl/auburn.svg,Auburn Tigers
59,OLE_REB,Ole Miss,#14213D,#CE1126,https://www.ncaa.com/sites/default/files/images/logos/schools/bgl/ole-miss.svg,Ole Miss Rebels
60,ALA_CRI,Alabama,#B30838,#FFFFFF,https://www.ncaa.com/sites/default/files/images/logos/schools/bgd/alabama.svg,Alabama Crimson Tide
61,MSU_BDG,Mississippi St.,#5D1725,#FFFFFF,https://www.ncaa.com/sites/default/files/images/logos/schools/bgd/mississippi-st.svg,Mississippi State Bulldogs
62,UCF_KNI,UCF,#B7A369,#000000,https://www.ncaa.com/sites/default/files/images/logos/schools/bgd/ucf.svg,Central Florida Knights
63,CIN_BEA,Cincinnati,#E00122,#000000,https://www.ncaa.com/sites/default/files/images/logos/schools/bgd/cincinnati.svg,Cincinnati Bearcats
64,ECU_PIR,East Carolina,#582C83,#FFC72C,https://www.ncaa.com/sites/default/files/images/logos/schools/bgd/east-carolina.svg,East Carolina Pirates
65,HOU_COU,Houston,#C8102E,#FFFFFF,https://www.ncaa.com/sites/default/files/images/logos/schools/bgd/houston.svg,Houston Cougars
66,MEM_TIG,Memphis,#003DA5,#C8C9C7,https://www.ncaa.com/sites/default/files/images/logos/schools/bgd/memphis.svg,Memphis Tigers
67,USF_BUL,South Fla.,#006747,#CFC493,https://www.ncaa.com/sites/default/files/images/logos/schools/bgd/south-fla.svg,South Florida Bulls
68,TUL_GRE,Tulane,#6FC5E8,#255C4E,https://www.ncaa.com/sites/default/files/images/logos/schools/bgd/tulane.svg,Tulane Green Wave
69,WIC_SHO,Wichita St.,#FFD100,#000000,https://www.ncaa.com/sites/default/files/images/logos/schools/bgd/wichita-st.svg,Wichita State Shockers
70,CAM_CAM,Campbell,#FF8200,#000000,https://www.ncaa.com/sites/default/files/images/logos/schools/bgd/campbell.svg,Campbell Fighting Camels
71,USC_UPS,USC Upstate,#D8D8D8,#00833e,https://www.ncaa.com/sites/default/files/images/logos/schools/bgd/usc-upstate.svg,USC Upstate Spartans
72,NCA_BUL,UNC Asheville,#041E42,#003DA5,https://www.ncaa.com/sites/default/files/images/logos/schools/bgd/unc-asheville.svg,UNC Asheville Bulldogs
73,HIG_PAN,High Point,#5C2E91,#FFFFFF,https://www.ncaa.com/sites/default/files/images/logos/schools/bgd/high-point.svg,High Point Panthers
74,CHA_BUC,Charleston So.,#FFB81C,#041E42,https://www.ncaa.com/sites/default/files/images/logos/schools/bgd/charleston-so.svg,Charleston Southern Buccaneers
75,GAR_RUN,Gardner-Webb,#CC0000,#FFFFFF,https://www.ncaa.com/sites/default/files/images/logos/schools/bgd/gardner-webb.svg,Gardner-Webb Runnin' Bulldogs
76,WIN_EAG,Winthrop,#8B0000,#FFD100,https://www.ncaa.com/sites/default/files/images/logos/schools/bgd/winthrop.svg,Winthrop Eagles
77,LON_LAN,Longwood,#C8C9C7,#041E42,https://www.ncaa.com/sites/default/files/images/logos/schools/bgd/longwood.svg,Longwood Lancers
78,PRE_BLH,Presbyterian,#9D2235,#CC0000,https://www.ncaa.com/sites/default/files/images/logos/schools/bgd/presbyterian.svg,Presbyterian Blue Hose
79,RAD_HIG,Radford,#CC0000,#FFFFFF,https://www.ncaa.com/sites/default/files/images/logos/schools/bgd/radford.svg,Radford Highlanders
80,NOR_AGG,N.C. A&T,#004684,#FDB927,https://www.ncaa.com/sites/default/files/images/logos/schools/bgd/nc-at.svg,North Carolina A&T Aggies
81,COL_CHA,Col. of Charleston,#8B0000,#FFFFFF,https://www.ncaa.com/sites/default/files/images/logos/schools/bgd/col-of-charleston.svg,College of Charleston Cougars
82,HOF_PRI,Hofstra,#FDC82F,#003591,https://www.ncaa.com/sites/default/files/images/logos/schools/bgd/hofstra.svg,Hofstra Pride
83,UNC_SEA,UNCW,#00A3E0,#041E42,https://www.ncaa.com/sites/default/files/images/logos/schools/bgl/unc-wilmington.svg,UNC Wilmington Seahawks
84,WM_TRI,William & Mary,#046A38,#FFD100,https://www.ncaa.com/sites/default/files/images/logos/schools/bgd/william-mary.svg,William & Mary Tribe
85,MON_HAW,Monmouth,#A5A9AD,#041E42,https://www.ncaa.com/sites/default/files/images/logos/schools/bgd/monmouth.svg,Monmouth Hawks
86,NOR_HUS,Northeastern,#D41B2C,#000000,https://www.ncaa.com/sites/default/files/images/logos/schools/bgd/northeastern.svg,Northeastern Huskies
87,ELO_PHO,Elon,#73000A,#B59A57,https://www.ncaa.com/sites/default/files/images/logos/schools/bgd/elon.svg,Elon Phoenix
88,DEL_BLU,Delaware,#FFD100,#00539F,https://www.ncaa.com/sites/default/files/images/logos/schools/bgd/delaware.svg,Delaware Blue Hens
89,SBU_SEA,Stony Brook,#CC0000,#041E42,https://www.ncaa.com/sites/default/files/images/logos/schools/bgd/stony-brook.svg,Stony Brook Seawolves
90,TOW_TIG,Towson,#FFBF00,#FFFFFF,https://www.ncaa.com/sites/default/files/images/logos/schools/bgd/towson.svg,Towson Tigers
91,LOU_BUL,Louisiana Tech,#CB333B,#003087,https://www.ncaa.com/sites/default/files/images/logos/schools/bgd/louisiana-tech.svg,Louisiana Tech Bulldogs
92,UTS_ROA,UTSA,#E14504,#0B2240,https://www.ncaa.com/sites/default/files/images/logos/schools/bgd/utsa.svg,UTSA Roadrunners
93,FAU_OWL,Fla. Atlantic,#003366,#CC0000,https://www.ncaa.com/sites/default/files/images/logos/schools/bgd/fla-atlantic.svg,Florida Atlantic Owls
94,CHA_FOR,Charlotte,#046A38,#FFFFFF,https://www.ncaa.com/sites/default/files/images/logos/schools/bgd/charlotte.svg,Charlotte 49ers
95,MTSU_BLU,Middle Tenn.,#C8C9C7,#041E42,https://www.ncaa.com/sites/default/files/images/logos/schools/bgd/middle-tenn.svg,Middle Tennessee Blue Raiders
96,UAB_BLA,UAB,#046A38,#FFD100,https://www.ncaa.com/sites/default/files/images/logos/schools/bgd/uab.svg,UAB Blazers
97,RIC_OWL,Rice,#003DA5,#C8C9C7,https://www.ncaa.com/sites/default/files/images/logos/schools/bgd/rice.svg,Rice Owls
98,FLO_PAN,FIU,#B6862C,#081E3F,https://www.ncaa.com/sites/default/files/images/logos/schools/bgd/fiu.svg,FIU Panthers
99,DAL_PAT,DBU,#0B1F2C,#C41230,https://www.ncaa.com/sites/default/files/images/logos/schools/bgd/dallas-baptist.svg,Dallas Baptist Patriots
100,WES_HIL,Western Ky.,#C8102E,#FFFFFF,https://www.ncaa.com/sites/default/files/images/logos/schools/bgd/western-ky.svg,Western Kentucky Hilltoppers
101,MAI_BLA,Maine,#003366,#C8C9C7,https://www.ncaa.com/sites/default/files/images/logos/schools/bgd/maine.svg,Maine Black Bears
102,UMASS_RIV,UMass Lowell,#041E42,#C8102E,https://www.ncaa.com/sites/default/files/images/logos/schools/bgd/umass-lowell.svg,UMass Lowell River Hawks
103,ALB_GRE,UAlbany,#46166B,#EEB211,https://www.ncaa.com/sites/default/files/images/logos/schools/bgd/albany-ny.svg,Albany Great Danes
104,NJI_HIG,NJIT,#071D49,#CC0000,https://www.ncaa.com/sites/default/files/images/logos/schools/bgd/njit.svg,NJIT Highlanders
105,BIN_BEA,Binghamton,#006633,#000000,https://www.ncaa.com/sites/default/files/images/logos/schools/bgd/binghamton.svg,Binghamton Bearcats
106,UMBC_RET,UMBC,#FFD100,#000000,https://www.ncaa.com/sites/default/files/images/logos/schools/bgd/umbc.svg,UMBC Retrievers
107,BRY_BUL,Bryant,#FFB81C,#000000,https://www.ncaa.com/sites/default/files/images/logos/schools/bgd/bryant.svg,Bryant Bulldogs
108,LIB_FLA,Liberty,#041E42,#C8102E,https://www.ncaa.com/sites/default/files/images/logos/schools/bgd/liberty.svg,Liberty Flames
109,KEN_OWL,Kennesaw St.,#FFC72C,#000000,https://www.ncaa.com/sites/default/files/images/logos/schools/bgd/kennesaw-st.svg,Kennesaw State Owls
110,FGCU,FGCU,#00794C,#004785,https://www.ncaa.com/sites/default/files/images/logos/schools/bgd/fgcu.svg,Florida Gulf Coast Eagles
111,JUD,Jacksonville,#C5B783,#004E42,https://www.ncaa.com/sites/default/files/images/logos/schools/bgl/jacksonville.svg,Jacksonville Dolphins
112,NOF_OSP,North Florida,#D9D9D9,#00246B,https://www.ncaa.com/sites/default/files/images/logos/schools/bgd/north-florida.svg,North Florida Ospreys
113,STE_HAT,Stetson,#006747,#FFFFFF,https://www.ncaa.com/sites/default/files/images/logos/schools/bgd/stetson.svg,Stetson Hatters
114,EKU_COL,Eastern Ky.,#861F41,#87909A,https://www.ncaa.com/sites/default/files/images/logos/schools/bgd/eastern-ky.svg,Eastern Kentucky Colonels
115,LIP_BIS,Lipscomb,#5C2E91,#FFD100,https://www.ncaa.com/sites/default/files/images/logos/schools/bgl/lipscomb.svg,Lipscomb Bisons
116,JAC_GAM,Jacksonville St.,#CA2026,#FFFFFF,https://www.ncaa.com/sites/default/files/images/logos/schools/bgd/jacksonville-st.svg,Jacksonville State Gamecocks
117,CEN_BEA,Central Ark.,#C8C9C7,#512D6D,https://www.ncaa.com/sites/default/files/images/logos/schools/bgd/central-ark.svg,Central Arkansas Bears
118,BEL_KNI,Bellarmine,#CC092F,#CCCCCC,https://www.ncaa.com/sites/default/files/images/logos/schools/bgd/bellarmine.svg,Bellarmine Knights
119,ALA_LIO,North Ala.,#592B8A,#FFB92A,https://www.ncaa.com/sites/default/files/images/logos/schools/bgd/north-ala.svg,North Alabama Lions
120,QUN_RYL,Queens (NC),#00205B,#A89968,https://www.ncaa.com/sites/default/files/images/logos/schools/bgd/queens-nc.svg,Queens Royals
121,DAV_WIL,Davidson,#D02139,#000000,https://www.ncaa.com/sites/default/files/images/logos/schools/bgd/davidson.svg,Davidson Wildcats
122,VCU_RAM,VCU,#FFD100,#000000,https://www.ncaa.com/sites/default/files/images/logos/schools/bgd/vcu.svg,Virginia Commonwealth Rams
123,SLU_BILL,Saint Louis,#041E42,#C8C9C7,https://www.ncaa.com/sites/default/files/images/logos/schools/bgd/saint-louis.svg,St. Louis Billikens
124,RHO_RAM,Rhode Island,#003DA5,#C8C9C7,https://www.ncaa.com/sites/default/files/images/logos/schools/bgd/rhode-island.svg,Rhode Island Rams
125,GEO_PAT,George Mason,#006633,#FFB81C,https://www.ncaa.com/sites/default/files/images/logos/schools/bgd/george-mason.svg,George Mason Patriots
126,STJ_HAW,Saint Joseph's,#9E1B32,#6C6F70,https://www.ncaa.com/sites/default/files/images/logos/schools/bgd/saint-josephs.svg,St. Joseph's Hawks
127,RIC_SPI,Richmond,#B30838,#041E42,https://www.ncaa.com/sites/default/files/images/logos/schools/bgd/richmond.svg,Richmond Spiders
128,DAY_FLY,Dayton,#002F87,#D70036,https://www.ncaa.com/sites/default/files/images/logos/schools/bgd/dayton.svg,Dayton Flyers
129,GEO_COL,George Washington,#003366,#CC9966,https://www.ncaa.com/sites/default/files/images/logos/schools/bgd/george-washington.svg,George Washington Colonials
130,FOR_RAM,Fordham,#72253D,#E1E1E1,https://www.ncaa.com/sites/default/files/images/logos/schools/bgd/fordham.svg,Fordham Rams
131,UMA_AMH,Massachusetts,#881C1C,#000000,https://www.ncaa.com/sites/default/files/images/logos/schools/bgl/massachusetts.svg,UMass Minutemen
132,STB_BON,St. Bonaventure,#8B4513,#C8C9C7,https://www.ncaa.com/sites/default/files/images/logos/schools/bgd/st-bonaventure.svg,St. Bonaventure Bonnies
133,UCO_HUS,UConn,#000E2F,#C8C9C7,https://www.ncaa.com/sites/default/files/images/logos/schools/bgd/uconn.svg,UConn Huskies
134,CRE_BLU,Creighton,#0C2340,#BABCBE,https://www.ncaa.com/sites/default/files/images/logos/schools/bgd/creighton.svg,Creighton Bluejays
135,XAV_MUS,Xavier,#041E42,#C8C9C7,https://www.ncaa.com/sites/default/files/images/logos/schools/bgd/xavier.svg,Xavier Musketeers
136,GEO_HOY,Georgetown,#041E42,#C8C9C7,https://www.ncaa.com/sites/default/files/images/logos/schools/bgd/georgetown.svg,Georgetown Hoyas
137,VIL_WIL,Villanova,#00246B,#C8C9C7,https://www.ncaa.com/sites/default/files/images/logos/schools/bgd/villanova.svg,Villanova Wildcats
138,STJ_RED,St. John's (NY),#CE1126,#000000,https://www.ncaa.com/sites/default/files/images/logos/schools/bgd/st-johns-ny.svg,St. John's Red Storm
139,SET_PIR,Seton Hall,#0060A9,#A7B1B7,https://www.ncaa.com/sites/default/files/images/logos/schools/bgd/seton-hall.svg,Seton Hall Pirates
140,BUT_BUL,Butler,#13294B,#C8C9C7,https://www.ncaa.com/sites/default/files/images/logos/schools/bgd/butler.svg,Butler Bulldogs
141,SAN_GAU,UC Santa Barbara,#003660,#FFD100,https://www.ncaa.com/sites/default/files/images/logos/schools/bgd/uc-santa-barbara.svg,UC Santa Barbara Gauchos
142,CAL_MUS,Cal Poly,#154734,#FFB81C,https://www.ncaa.com/sites/default/files/images/logos/schools/bgl/cal-poly.svg,Cal Poly Mustangs
143,HAW_WAR,Hawaii,#024731,#C8C9C7,https://www.ncaa.com/sites/default/files/images/logos/schools/bgd/hawaii.svg,Hawaii Rainbow Warriors
144,CAL_MAT,CSUN,#C8102E,#000000,https://www.ncaa.com/sites/default/files/images/logos/schools/bgd/cal-st-northridge.svg,Cal State Northridge Matadors
145,LON_DIR,Long Beach St.,#FFD100,#000000,https://www.ncaa.com/sites/default/files/images/logos/schools/bgl/long-beach-st.svg,Long Beach State Beach
146,CAL_ANT,UC Irvine,#FFD100,#0064A4,https://www.ncaa.com/sites/default/files/images/logos/schools/bgd/uc-irvine.svg,UC Irvine Anteaters
147,CAL_FUL,Cal St. Fullerton,#FF8200,#003DA5,https://www.ncaa.com/sites/default/files/images/logos/schools/bgl/cal-st-fullerton.svg,Cal State Fullerton Titans
148,CSD_TRI,UC San Diego,#182B49,#C69214,https://www.ncaa.com/sites/default/files/images/logos/schools/bgd/uc-san-diego.svg,UC San Diego Tritons
149,CSU_BAK,CSU Bakersfield,#041E42,#FF6600,https://www.ncaa.com/sites/default/files/images/logos/schools/bgd/bakersfield.svg,CSU Bakersfield Roadrunners
150,CAL_AGO,UC Davis,#041E42,#FFD100,https://www.ncaa.com/sites/default/files/images/logos/schools/bgd/uc-davis.svg,UC Davis Aggies
151,CAL_HIG,UC Riverside,#003DA5,#FFD100,https://www.ncaa.com/sites/default/files/images/logos/schools/bgd/uc-riverside.svg,UC Riverside Highlanders
152,WRI_RAI,Wright St.,#046A38,#FFD100,https://www.ncaa.com/sites/default/files/images/logos/schools/bgd/wright-st.svg,Wright State Raiders
153,OAK_GOL,Oakland,#DAAA00,#000000,https://www.ncaa.com/sites/default/files/images/logos/schools/bgd/oakland.svg,Oakland Golden Grizzlies
154,PUR_FOR,Purdue Fort Wayne,#FFD100,#000000,https://www.ncaa.com/sites/default/files/images/logos/schools/bgl/ipfw.svg,Purdue Fort Wayne Mastodons
155,YSU_PEN,Youngstown St.,#CC0000,#000000,https://www.ncaa.com/sites/default/files/images/logos/schools/bgd/youngstown-st.svg,Youngstown State Penguins
156,NOK_NOR,Northern Ky.,#FFD100,#FFFFFF,https://www.ncaa.com/sites/default/files/images/logos/schools/bgd/northern-ky.svg,Northern Kentucky Norse
157,UWM_PAN,Milwaukee,#FFD100,#000000,https://www.ncaa.com/sites/default/files/images/logos/schools/bgd/milwaukee.svg,Milwaukee Panthers
158,PEN_QUA,Penn,#011F5B,#CC0000,https://www.ncaa.com/sites/default/files/images/logos/schools/bgd/penn.svg,Penn Quakers
159,COL_LION,Columbia,#B9D9EB,#FFFFFF,https://www.ncaa.com/sites/default/files/images/logos/schools/bgd/columbia.svg,Columbia Lions
160,DAR_GRE,Dartmouth,#00693E,#FFFFFF,https://www.ncaa.com/sites/default/files/images/logos/schools/bgd/dartmouth.svg,Dartmouth Big Green
161,YAL_BUL,Yale,#00356B,#FFFFFF,https://www.ncaa.com/sites/default/files/images/logos/schools/bgd/yale.svg,Yale Bulldogs
162,HAR_CRI,Harvard,#A31F36,#1E1E1E,https://www.ncaa.com/sites/default/files/images/logos/schools/bgd/harvard.svg,Harvard Crimson
163,BRO_BEA,Brown,#4E3629,#C00404,https://www.ncaa.com/sites/default/files/images/logos/schools/bgd/brown.svg,Brown Bears
164,COR_BRE,Cornell,#B31B1B,#FFFFFF,https://www.ncaa.com/sites/default/files/images/logos/schools/bgd/cornell.svg,Cornell Big Red
165,PRI_TIG,Princeton,#FF8F00,#000000,https://www.ncaa.com/sites/default/files/images/logos/schools/bgd/princeton.svg,Princeton Tigers
166,FAI_STA,Fairfield,#CC0000,#000000,https://www.ncaa.com/sites/default/files/images/logos/schools/bgd/fairfield.svg,Fairfield Stags
167,MAR_RED,Marist,#C8102E,#000000,https://www.ncaa.com/sites/default/files/images/logos/schools/bgd/marist.svg,Marist Red Foxes
168,MSM_MTN,Mount St. Mary's,#002F6C,#84754E,https://www.ncaa.com/sites/default/files/images/logos/schools/bgd/mt-st-marys.svg,Mount St. Mary's Mountaineers
169,CAN_GRI,Canisius,#041E42,#FFB81C,https://www.ncaa.com/sites/default/files/images/logos/schools/bgd/canisius.svg,Canisius Golden Griffins
170,NIA_EAG,Niagara,#582C83,#C7C8CA,https://www.ncaa.com/sites/default/files/images/logos/schools/bgd/niagara.svg,Niagara Purple Eagles
171,RID_BRO,Rider,#8B0000,#000000,https://www.ncaa.com/sites/default/files/images/logos/schools/bgd/rider.svg,Rider Broncs
172,MAN_JAS,Manhattan,#046A38,#FFD100,https://www.ncaa.com/sites/default/files/images/logos/schools/bgd/manhattan.svg,Manhattan Jaspers
173,QUI_BOB,Quinnipiac,#0A2240,#FFB819,https://www.ncaa.com/sites/default/files/images/logos/schools/bgd/quinnipiac.svg,Quinnipiac Bobcats
174,SIE_SAI,Siena,#046A38,#FFD100,https://www.ncaa.com/sites/default/files/images/logos/schools/bgd/siena.svg,Siena Saints
175,SPU_PEA,Saint Peter's,#003DA5,#FFFFFF,https://www.ncaa.com/sites/default/files/images/logos/schools/bgd/saint-peters.svg,Saint Peter's Peacocks
176,ION_GAE,Iona,#661E2B,#EAAF0F,https://www.ncaa.com/sites/default/files/images/logos/schools/bgd/iona.svg,Iona Gaels
177,BAL_CAR,Ball St.,#BA0C2F,#000000,https://www.ncaa.com/sites/default/files/images/logos/schools/bgd/ball-st.svg,Ball State Cardinals
178,CEN_MIC,Central Mich.,#800020,#FFB81C,https://www.ncaa.com/sites/default/files/images/logos/schools/bgd/central-mich.svg,Central Michigan Chippewas
179,TOL_ROC,Toledo,#041E42,#FFD100,https://www.ncaa.com/sites/default/files/images/logos/schools/bgd/toledo.svg,Toledo Rockets
180,OHI_BOB,Ohio,#00694E,#FFFFFF,https://www.ncaa.com/sites/default/files/images/logos/schools/bgd/ohio.svg,Ohio Bobcats
181,KS_GF,Kent St.,#041E42,#FFD100,https://www.ncaa.com/sites/default/files/images/logos/schools/bgd/kent-st.svg,Kent State Golden Flashes
182,MIA_RED,Miami (OH),#C8102E,#FFFFFF,https://www.ncaa.com/sites/default/files/images/logos/schools/bgd/miami-oh.svg,Miami RedHawks
183,EMU_EAG,Eastern Mich.,#046A38,#FFFFFF,https://www.ncaa.com/sites/default/files/images/logos/schools/bgd/eastern-mich.svg,Eastern Michigan Eagles
184,WMI_BRO,Western Mich.,#8B4513,#FFD100,https://www.ncaa.com/sites/default/files/images/logos/schools/bgd/western-mich.svg,Western Michigan Broncos
185,BGS_FAL,Bowling Green,#FF7300,#4F2C1D,https://www.ncaa.com/sites/default/files/images/logos/schools/bgd/bowling-green.svg,Bowling Green Falcons
186,NIU_HUS,NIU,#CC0000,#000000,https://www.ncaa.com/sites/default/files/images/logos/schools/bgd/northern-ill.svg,Northern Illinois Huskies
187,AKR_ZIP,Akron,#A89968,#041E42,https://www.ncaa.com/sites/default/files/images/logos/schools/bgl/akron.svg,Akron Zips
188,SIU_SAL,Southern Ill.,#72253D,#FFFFFF,https://www.ncaa.com/sites/default/files/images/logos/schools/bgd/southern-ill.svg,Southern Illinois Salukis
189,EVA_ACE,Evansville,#FF8200,#660099,https://www.ncaa.com/sites/default/files/images/logos/schools/bgd/evansville.svg,Evansville Purple Aces
190,BRA_BRA,Bradley,#A50000,#FFFFFF,https://www.ncaa.com/sites/default/files/images/logos/schools/bgd/bradley.svg,Bradley Braves
191,IND_SYC,Indiana St.,#224E92,#CECFCE,https://www.ncaa.com/sites/default/files/images/logos/schools/bgd/indiana-st.svg,Indiana State Sycamores
192,MIS_BEA,Missouri St.,#8B0000,#000000,https://www.ncaa.com/sites/default/files/images/logos/schools/bgd/missouri-st.svg,Missouri State Bears
193,MUR_RAC,Murray St.,#002144,#ECAC00,https://www.ncaa.com/sites/default/files/images/logos/schools/bgd/murray-st.svg,Murray State Racers
194,ILL_RED,Illinois St.,#CC0000,#000000,https://www.ncaa.com/sites/default/files/images/logos/schools/bgd/illinois-st.svg,Illinois State Redbirds
195,BEL_BRU,Belmont,#BA0C2F,#041E42,https://www.ncaa.com/sites/default/files/images/logos/schools/bgd/belmont.svg,Belmont Bruins
196,UIC_FLA,UIC,#C8102E,#041E42,https://www.ncaa.com/sites/default/files/images/logos/schools/bgd/ill-chicago.svg,UIC Flames
197,VAL_CRU,Valparaiso,#5C3000,#FFE300,https://www.ncaa.com/sites/default/files/images/logos/schools/bgl/valparaiso.svg,Valparaiso Crusaders
198,UNL_REB,UNLV,#CC0000,#C8C9C7,https://www.ncaa.com/sites/default/files/images/logos/schools/bgd/unlv.svg,UNLV Rebels
199,NEV_WOL,Nevada,#041E42,#C8C9C7,https://www.ncaa.com/sites/default/files/images/logos/schools/bgd/nevada.svg,Nevada Wolf Pack
200,SAN_SPA,San Jose St.,#0055A2,#FFD100,https://www.ncaa.com/sites/default/files/images/logos/schools/bgd/san-jose-st.svg,San Jose State Spartans
201,AIR_FOR,Air Force,#003087,#8A8B8C,https://www.ncaa.com/sites/default/files/images/logos/schools/bgd/air-force.svg,Air Force Falcons
202,FRE_BUL,Fresno St.,#C8102E,#013088,https://www.ncaa.com/sites/default/files/images/logos/schools/bgd/fresno-st.svg,Fresno State Bulldogs
203,MEX_LOB,New Mexico,#CC0000,#C8C9C7,https://www.ncaa.com/sites/default/files/images/logos/schools/bgd/new-mexico.svg,New Mexico Lobos
204,SAN_AZT,San Diego St.,#CC0000,#000000,https://www.ncaa.com/sites/default/files/images/logos/schools/bgd/san-diego-st.svg,San Diego State Aztecs
205,LON_ISL22,LIU,#041E42,#FFD100,https://www.ncaa.com/sites/default/files/images/logos/schools/bgd/long-island.svg,LIU Sharks
206,CCU_BLD,Central Conn. St.,#041E42,#C8C9C7,https://www.ncaa.com/sites/default/files/images/logos/schools/bgd/central-conn-st.svg,Central Connecticut Blue Devils
207,FDU_KNI,FDU,#004B83,#FFD100,https://www.ncaa.com/sites/default/files/images/logos/schools/bgd/fdu.svg,Fairleigh Dickinson Knights
208,MER_COL1,Merrimack,#041E42,#FFD100,https://www.ncaa.com/sites/default/files/images/logos/schools/bgd/merrimack.svg,Merrimack Warriors
209,WAG_SEA,Wagner,#046A38,#000000,https://www.ncaa.com/sites/default/files/images/logos/schools/bgd/wagner.svg,Wagner Seahawks
210,DEL_HOR,Delaware St.,#C8102E,#013088,https://www.ncaa.com/sites/default/files/images/logos/schools/bgd/delaware-st.svg,Delaware State Hornets
211,COP_STA,Coppin St.,#003056,#FFC915,https://www.ncaa.com/sites/default/files/images/logos/schools/bgd/coppin-st.svg,Coppin State Eagles
212,MAR_HAW,UMES,#8B0000,#FFD100,https://www.ncaa.com/sites/default/files/images/logos/schools/bgd/md-east-shore.svg,Maryland Eastern Shore Hawks
213,NOR_SPA,Norfolk St.,#007B5E,#FAB80A,https://www.ncaa.com/sites/default/files/images/logos/schools/bgd/norfolk-st.svg,Norfolk State Spartans
214,SAC_PIO,Sacred Heart,#CD1041,#3C3C3C,https://www.ncaa.com/sites/default/files/images/logos/schools/bgd/sacred-heart.svg,Sacred Heart Pioneers
215,STO_COL,Stonehill,#C8C9C7,#5C2E91,https://www.ncaa.com/sites/default/files/images/logos/schools/bgd/stonehill.svg,Stonehill Skyhawks
216,SOU_RED,Southeast Mo. St.,#CC0000,#000000,https://www.ncaa.com/sites/default/files/images/logos/schools/bgd/southeast-mo-st.svg,Southeast Missouri State Redhawks
217,MOR_EAG,Morehead St.,#FFD100,#041E42,https://www.ncaa.com/sites/default/files/images/logos/schools/bgd/morehead-st.svg,Morehead State Eagles
218,EIU_PAN,Eastern Ill.,#004C97,#75787B,https://www.ncaa.com/sites/default/files/images/logos/schools/bgd/eastern-ill.svg,Eastern Illinois Panthers
219,SOU_COU,SIUE,#C8102E,#000000,https://www.ncaa.com/sites/default/files/images/logos/schools/bgd/siu-edwardsville.svg,SIU Edwardsville Cougars
220,TEN_TEC,Tennessee Tech,#4C2C92,#FFD100,https://www.ncaa.com/sites/default/files/images/logos/schools/bgd/tennessee-tech.svg,Tennessee Tech Golden Eagles
221,AUS_GOV,Austin Peay,#C41E3A,#000000,https://www.ncaa.com/sites/default/files/images/logos/schools/bgd/austin-peay.svg,Austin Peay Governors
222,UTM_SKY,UT Martin,#FF8200,#041E42,https://www.ncaa.com/sites/default/files/images/logos/schools/bgd/ut-martin.svg,UT Martin Skyhawks
223,LIN_UNI,Lindenwood,#FFD100,#FFFFFF,https://www.ncaa.com/sites/default/files/images/logos/schools/bgd/lindenwood.svg,Lindenwood Lions
224,SOU_IND16,Southern Ind.,#CC0000,#041E42,https://www.ncaa.com/sites/default/files/images/logos/schools/bgd/southern-ind.svg,Southern Indiana Screaming Eagles
225,LIT_TRO,Little Rock,#8B0000,#000000,https://www.ncaa.com/sites/default/files/images/logos/schools/bgd/ualr.svg,Little Rock Trojans
226,ARM_BLA,Army West Point,#D3BC8D,#2C2A29,https://www.ncaa.com/sites/default/files/images/logos/schools/bgd/army.svg,Army Black Knights
227,BUC_BIS,Bucknell,#F26522,#041E42,https://www.ncaa.com/sites/default/files/images/logos/schools/bgd/bucknell.svg,Bucknell Bison
228,LEH_MOU,Lehigh,#8B4513,#000000,https://www.ncaa.com/sites/default/files/images/logos/schools/bgd/lehigh.svg,Lehigh Mountain Hawks
229,HOL_CRU,Holy Cross,#5C2E91,#C8C9C7,https://www.ncaa.com/sites/default/files/images/logos/schools/bgl/holy-cross.svg,Holy Cross Crusaders
230,NAV_MID,Navy,#13294B,#E6AA00,https://www.ncaa.com/sites/default/files/images/logos/schools/bgd/navy.svg,Navy Midshipmen
231,LAF_LEP,Lafayette,#8B0000,#000000,https://www.ncaa.com/sites/default/files/images/logos/schools/bgd/lafayette.svg,Lafayette Leopards
232,WOF_TER,Wofford,#282829,#FFD100,https://www.ncaa.com/sites/default/files/images/logos/schools/bgl/wofford.svg,Wofford Terriers
233,MER_BEA,Mercer,#FF8200,#000000,https://www.ncaa.com/sites/default/files/images/logos/schools/bgd/mercer.svg,Mercer Bears
234,UNC_SPA,UNC Greensboro,#FFD100,#FFFFFF,https://www.ncaa.com/sites/default/files/images/logos/schools/bgd/unc-greensboro.svg,UNC Greensboro Spartans
235,SAM_BUL,Samford,#CC0000,#041E42,https://www.ncaa.com/sites/default/files/images/logos/schools/bgd/samford.svg,Samford Bulldogs
236,ETS_BUC,ETSU,#00053E,#FFC72C,https://www.ncaa.com/sites/default/files/images/logos/schools/bgd/east-tenn-st.svg,East Tennessee State Buccaneers
237,WCC,Western Caro.,#5C2E91,#FFD100,https://www.ncaa.com/sites/default/files/images/logos/schools/bgd/western-caro.svg,Western Carolina Catamounts
238,VIR_MIL,VMI,#CC0000,#FFD100,https://www.ncaa.com/sites/default/files/images/logos/schools/bgd/vmi.svg,VMI Keydets
239,CIT_BUL,The Citadel,#C8C9C7,#041E42,https://www.ncaa.com/sites/default/files/images/logos/schools/bgl/citadel.svg,The Citadel Bulldogs
240,MCN_COW,McNeese,#FFD100,#041E42,https://www.ncaa.com/sites/default/files/images/logos/schools/bgd/mcneese.svg,McNeese State Cowboys
241,SOU_LIO,Southeastern La.,#046A38,#FFD100,https://www.ncaa.com/sites/default/files/images/logos/schools/bgd/southeastern-la.svg,Southeastern Louisiana Lions
242,NEW_PRI,New Orleans,#041E42,#C8C9C7,https://www.ncaa.com/sites/default/files/images/logos/schools/bgd/new-orleans.svg,New Orleans Privateers
243,NIC_COL,Nicholls,#C41230,#B2B2B2,https://www.ncaa.com/sites/default/files/images/logos/schools/bgd/nicholls-st.svg,Nicholls Colonels
244,NOR_DEM,Northwestern St.,#492F92,#F78426,https://www.ncaa.com/sites/default/files/images/logos/schools/bgd/northwestern-st.svg,Northwestern State Demons
245,HBU_HUS,Houston Christian,#FF0000,#000080,https://www.ncaa.com/sites/default/files/images/logos/schools/bgd/houston-christian.svg,Houston Christian Huskies
246,TEX_ISL,A&M-Corpus Christi,#0067C5,#007F3E,https://www.ncaa.com/sites/default/files/images/logos/schools/bgd/am-corpus-chris.svg,Texas A&M-Corpus Christi Islanders
247,IWC,UIW,#CC0000,#000000,https://www.ncaa.com/sites/default/files/images/logos/schools/bgl/uiw.svg,Incarnate Word Cardinals
248,LAM_CAR,Lamar University,#C8102E,#000000,https://www.ncaa.com/sites/default/files/images/logos/schools/bgd/lamar.svg,Lamar Cardinals
249,TEX_BOB,Texas St.,#501214,#6A5638,https://www.ncaa.com/sites/default/files/images/logos/schools/bgd/texas-st.svg,Texas State Bobcats
250,GEO_EAG,Ga. Southern,#0D2240,#006747,https://www.ncaa.com/sites/default/files/images/logos/schools/bgd/ga-southern.svg,Georgia Southern Eagles
251,COA_CHA,Coastal Carolina,#006F71,#A27752,https://www.ncaa.com/sites/default/files/images/logos/schools/bgd/coastal-caro.svg,Coastal Carolina Chanticleers
252,LOU_CAJ,Louisiana,#CE1126,#000000,https://www.ncaa.com/sites/default/files/images/logos/schools/bgd/la-lafayette.svg,Louisiana Ragin' Cajuns
253,SAL_JAG,South Alabama,#00205B,#BF0D3E,https://www.ncaa.com/sites/default/files/images/logos/schools/bgl/south-ala.svg,South Alabama Jaguars
254,TRO_TRJ,Troy,#C8C9C7,#CC0000,https://www.ncaa.com/sites/default/files/images/logos/schools/bgd/troy.svg,Troy Trojans
255,GEO_PAN,Georgia St.,#0039A6,#CC0000,https://www.ncaa.com/sites/default/files/images/logos/schools/bgd/georgia-st.svg,Georgia State Panthers
256,APP_MOU,App State,#FFC72C,#000000,https://www.ncaa.com/sites/default/files/images/logos/schools/bgd/appalachian-st.svg,Appalachian State Mountaineers
257,ULM_WAR,ULM,#FFD100,#8B0000,https://www.ncaa.com/sites/default/files/images/logos/schools/bgd/la-monroe.svg,Louisiana-Monroe Warhawks
258,ASU_RED,Arkansas St.,#CC092F,#000000,https://www.ncaa.com/sites/default/files/images/logos/schools/bgd/arkansas-st.svg,Arkansas State Red Wolves
259,JMU_DUK,James Madison,#450084,#B3A369,https://www.ncaa.com/sites/default/files/images/logos/schools/bgd/james-madison.svg,James Madison Dukes
260,MAR_THU,Marshall,#00B04F,#000000,https://www.ncaa.com/sites/default/files/images/logos/schools/bgd/marshall.svg,Marshall Thundering Herd
261,OLD_MON,Old Dominion,#C8C9C7,#041E42,https://www.ncaa.com/sites/default/files/images/logos/schools/bgd/old-dominion.svg,Old Dominion Monarchs
262,SOU_GOL,Southern Miss.,#FFD046,#000000,https://www.ncaa.com/sites/default/files/images/logos/schools/bgd/southern-miss.svg,Southern Miss Golden Eagles
263,ALA_HOR,Alabama St.,#C99700,#000000,https://www.ncaa.com/sites/default/files/images/logos/schools/bgd/alabama-st.svg,Alabama State Hornets
264,FLO_RAT,Florida A&M,#F4811F,#008344,https://www.ncaa.com/sites/default/files/images/logos/schools/bgd/florida-am.svg,Florida A&M Rattlers
265,BET_WIL,Bethune-Cookman,#800020,#FFB81C,https://www.ncaa.com/sites/default/files/images/logos/schools/bgd/bethune-cookman.svg,Bethune-Cookman Wildcats
266,JAC_TIG,Jackson St.,#002147,#008ED6,https://www.ncaa.com/sites/default/files/images/logos/schools/bgd/jackson-st.svg,Jackson State Tigers
267,ALA_ANM,Alabama A&M,#660000,#000000,https://www.ncaa.com/sites/default/files/images/logos/schools/bgd/alabama-am.svg,Alabama A&M Bulldogs
268,MIS_DEL,Mississippi Val.,#046A38,#FFD100,https://www.ncaa.com/sites/default/files/images/logos/schools/bgd/mississippi-val.svg,Mississippi Valley State Delta Devils
269,SOU_JAG,Southern U.,#003DA5,#FFD100,https://www.ncaa.com/sites/default/files/images/logos/schools/bgd/southern-u.svg,Southern Jaguars
270,GRA_TIG,Grambling,#FFB81C,#000000,https://www.ncaa.com/sites/default/files/images/logos/schools/bgd/grambling.svg,Grambling State Tigers
271,PRA_PAN,Prairie View,#663399,#FFD100,https://www.ncaa.com/sites/default/files/images/logos/schools/bgd/prairie-view.svg,Prairie View A&M Panthers
272,TEX_TIG,Texas Southern,#6F263D,#A2AAAD,https://www.ncaa.com/sites/default/files/images/logos/schools/bgd/texas-southern.svg,Texas Southern Tigers
273,ARK_LIO,Ark.-Pine Bluff,#EEB310,#000000,https://www.ncaa.com/sites/default/files/images/logos/schools/bgd/ark-pine-bluff.svg,Arkansas-Pine Bluff Golden Lions
274,ALC_BRA,Alcorn,#512D6D,#CC8A00,https://www.ncaa.com/sites/default/files/images/logos/schools/bgd/alcorn.svg,Alcorn State Braves
275,NOR_BIS,North Dakota St.,#FFC82E,#005643,https://www.ncaa.com/sites/default/files/images/logos/schools/bgd/north-dakota-st.svg,North Dakota State Bison
276,ORA_GOL,Oral Roberts,#FFD100,#041E42,https://www.ncaa.com/sites/default/files/images/logos/schools/bgd/oral-roberts.svg,Oral Roberts Golden Eagles
277,SOU_JAC,South Dakota St.,#041E42,#FFD100,https://www.ncaa.com/sites/default/files/images/logos/schools/bgd/south-dakota-st.svg,South Dakota State Jackrabbits
278,UNO_MAV,Omaha,#CC0000,#000000,https://www.ncaa.com/sites/default/files/images/logos/schools/bgd/neb-omaha.svg,Omaha Mavericks
279,THO_M,St. Thomas (MN),#5C2E91,#C8C9C7,https://www.ncaa.com/sites/default/files/images/logos/schools/bgd/st-thomas-mn.svg,St. Thomas Tommies
280,NCB,Northern Colo.,#003366,#FFD100,https://www.ncaa.com/sites/default/files/images/logos/schools/bgd/northern-colo.svg,Northern Colorado Bears
281,WIU_LEA,Western Ill.,#5C2E91,#FFD100,https://www.ncaa.com/sites/default/files/images/logos/schools/bgd/western-ill.svg,Western Illinois Leathernecks
282,GON_BUL,Gonzaga,#041E42,#C8102E,https://www.ncaa.com/sites/default/files/images/logos/schools/bgd/gonzaga.svg,Gonzaga Bulldogs
283,SAN_TOR,San Diego,#41748D,#FFFFFF,https://www.ncaa.com/sites/default/files/images/logos/schools/bgd/san-diego.svg,San Diego Toreros
284,POR_PIL,Portland,#5C2E91,#FFFFFF,https://www.ncaa.com/sites/default/files/images/logos/schools/bgd/portland.svg,Portland Pilots
285,BYU_COU,BYU,#003DA5,#FFFFFF,https://www.ncaa.com/sites/default/files/images/logos/schools/bgl/byu.svg,BYU Cougars
286,SAN_DON,San Francisco,#00543C,#FFD100,https://www.ncaa.com/sites/default/files/images/logos/schools/bgd/san-francisco.svg,San Francisco Dons
287,LOY_LIO,LMU (CA),#C8102E,#041E42,https://www.ncaa.com/sites/default/files/images/logos/schools/bgd/loyola-marymount.svg,Loyola Marymount Lions
288,PEP_WAV,Pepperdine,#FF8200,#003DA5,https://www.ncaa.com/sites/default/files/images/logos/schools/bgl/pepperdine.svg,Pepperdine Waves
289,SAN_BRO,Santa Clara,#B30838,#000000,https://www.ncaa.com/sites/default/files/images/logos/schools/bgd/santa-clara.svg,Santa Clara Broncos
290,STM_GAE,Saint Mary's (CA),#CC0000,#041E42,https://www.ncaa.com/sites/default/files/images/logos/schools/bgd/st-marys-ca.svg,Saint Mary's Gaels
291,PAC_TIG,Pacific,#FF8200,#000000,https://www.ncaa.com/sites/default/files/images/logos/schools/bgd/pacific.svg,Pacific Tigers
292,SAM_BEA,Sam Houston,#FF8200,#FFFFFF,https://www.ncaa.com/sites/default/files/images/logos/schools/bgd/sam-houston-st.svg,Sam Houston State Bearkats
293,UTR_VAQ,UTRGV,#F05023,#646469,https://www.ncaa.com/sites/default/files/images/logos/schools/bgd/utrgv.svg,Texas-Rio Grande Valley Vaqueros
294,ABI_WIL,Abilene Christian,#4F2D7F,#000000,https://www.ncaa.com/sites/default/files/images/logos/schools/bgd/abilene-christian.svg,Abilene Christian Wildcats
295,TAR_TEX,Tarleton St.,#4F2D7F,#000000,https://www.ncaa.com/sites/default/files/images/logos/schools/bgd/tarleton-st.svg,Tarleton State Texans
296,STE_LUM,SFA,#5F259F,#B1B3B3,https://www.ncaa.com/sites/default/files/images/logos/schools/bgd/stephen-f-austin.svg,Stephen F. Austin Lumberjacks
297,GRA_CAN,Grand Canyon,#5C2E91,#FFFFFF,https://www.ncaa.com/sites/default/files/images/logos/schools/bgd/grand-canyon.svg,Grand Canyon Antelopes
298,CAL_LAN,California Baptist,#FF0000,#000080,https://www.ncaa.com/sites/default/files/images/logos/schools/bgd/california-baptist.svg,California Baptist Lancers
299,SAC_HOR,Sacramento St.,#043927,#C4B581,https://www.ncaa.com/sites/default/files/images/logos/schools/bgd/sacramento-st.svg,Sacramento State Hornets
300,DIX_STE,Utah Tech,#C8102E,#000000,https://www.ncaa.com/sites/default/files/images/logos/schools/bgd/utah-tech.svg,Utah Tech Trailblazers
301,SEA_RED,Seattle U,#AA0000,#000000,https://www.ncaa.com/sites/default/files/images/logos/schools/bgl/seattle.svg,Seattle Redhawks
302,NMS_AGG,New Mexico St.,#BE0000,#000000,https://www.ncaa.com/sites/default/files/images/logos/schools/bgd/new-mexico-st.svg,New Mexico State Aggies
303,UTA_WOL,Utah Valley,#275D38,#FFFFFF,https://www.ncaa.com/sites/default/files/images/logos/schools/bgd/utah-valley.svg,Utah Valley Wolverines
304,ARL_MAV,UT Arlington,#0064B1,#F58025,https://www.ncaa.com/sites/default/files/images/logos/schools/bgd/texas-arlington.svg,UT Arlington Mavericks
305,MOY_MOY,Le Moyne,#00452A,#FFD100,https://www.ncaa.com/sites/default/files/images/logos/schools/bgd/le-moyne.svg,Le Moyne Dolphins
306,MER_UNI,Mercyhurst,#003DA5,#FFD100,https://www.ncaa.com/sites/default/files/images/logos/schools/bgd/mercyhurst.svg,Mercyhurst Lakers
307,UNI_WES,West Ga.,#CC0000,#000000,https://www.ncaa.com/sites/default/files/images/logos/schools/bgd/west-ga.svg,West Georgia Wolves
308,BRE_WHI,Brewster,#06768A,#FFFFFF,https://upload.wikimedia.org/wikipedia/commons/f/f2/Brewster_Whitecaps.svg,Brewster Whitecaps
309,WAR_GAT,Wareham,#8D0D0D,#041E3E,https://www.mlbstatic.com/team-logos/team-cap-on-light/6103.svg,Wareham Gatemen
310,HAR_MAR,Harwich,#013461,#BE1232,https://www.mlbstatic.com/team-logos/team-cap-on-dark/6100.svg,Harwich Mariners
311,HYA_HAR,Hyannis,#2350AD,#F75910,https://www.mlbstatic.com/team-logos/team-cap-on-light/6101.svg,Hyannis Harbor Hawks
312,ORL_FIR,Orleans,#E51B24,#0B0906,https://www.mlbstatic.com/team-logos/team-cap-on-light/6102.svg,Orleans Firebirds
313,YAR_RED,Yarmouth-Dennis,#B83638,#0E2340,https://www.mlbstatic.com/team-logos/team-cap-on-light/6104.svg,Yarmouth-Dennis Red Sox
314,FAL_COM,Falmouth,#86211A,#000000,https://www.mlbstatic.com/team-logos/team-cap-on-light/6099.svg,Falmouth Commodores
315,COT_KET,Cotuit,#D2D2D2,#780132,https://www.mlbstatic.com/team-logos/team-cap-on-dark/6098.svg,Cotuit Kettleers
316,CHA_ANG,Chatham,#27699E,#BEBFC1,https://www.mlbstatic.com/team-logos/team-cap-on-light/6097.svg,Chatham Anglers
317,BOU_BRA,Bourne,#F0CC01,#E51937,https://www.mlbstatic.com/team-logos/team-cap-on-light/6095.svg,Bourne Braves
