firstName,lastName,date,A:C Ratio,Acute Workload,Chronic Workload,One Day Workload,Total Throw Count,High Effort Throw Count
"Jonathan","Anders","2026-09-29T00:00:00.000Z",1.202470619282581,7.921552731704694,6.1171785976538136,,,
"Jonathan","Anders","2026-09-28T00:00:00.000Z",1.3116209047532152,8.986229646006704,6.1171785976538136,17.601312456652522,106,69
"Jonathan","Anders","2026-09-27T00:00:00.000Z",1.087363174481591,6.962734737455482,5.488560295630512,6.63207246363163,49,21
"Jonathan","Anders","2026-09-26T00:00:00.000Z",1.0117377346428038,6.468418335143684,5.2517005647865265,0.01951920986175537,2,0
"Jonathan","Anders","2026-09-25T00:00:00.000Z",1.266258047004489,8.462523202762375,5.251003450148607,1.560817763209343,32,0
"Jonathan","Anders","2026-09-24T00:00:00.000Z",1.3641129076431824,9.449228224127243,5.195259958605416,22.25690869940445,155,105
"Jonathan","Anders","2026-09-23T00:00:00.000Z",1.1264030765563413,6.939226999554214,4.400370362198113,8.741591521538794,77,35
"Jonathan","Anders","2026-09-22T00:00:00.000Z",1.1616771026433863,6.998724162653606,4.088170665000299,5.160772903356701,51,15
"Jonathan","Anders","2026-09-21T00:00:00.000Z",1.2594903552499592,7.648465497318345,3.903857347023274,12.151557483710349,109,49
"Jonathan","Anders","2026-09-20T00:00:00.000Z",1.1168349862203015,6.382807089614733,3.469873151176476,5.74678684445098,68,16
"Jonathan","Anders","2026-09-19T00:00:00.000Z",1.0938528577033289,6.249294958218362,3.2646307638746555,,,
"Jonathan","Anders","2026-09-18T00:00:00.000Z",1.3725978436817778,8.36458027423489,3.2646307638746555,,,
"Jonathan","Anders","2026-09-17T00:00:00.000Z",1.4542451723360266,9.495147055648784,3.2646307638746555,19.715623057447374,147,95
"Jonathan","Anders","2026-09-16T00:00:00.000Z",1.4109588530117956,7.781333699334776,2.5605013689658205,7.680593208875507,66,26
"Jonathan","Anders","2026-09-15T00:00:00.000Z",1.3507212509887931,7.205360056293042,2.286194468648838,2.72028701659292,38,0
"Jonathan","Anders","2026-09-14T00:00:00.000Z",1.3142619631089762,7.323206026998297,2.1890413609133765,11.301959867589176,97,54
"Jonathan","Anders","2026-09-13T00:00:00.000Z",1.3743830969329138,6.1072940314408495,1.7853999370709062,11.582737464923412,118,32
"Jonathan","Anders","2026-09-12T00:00:00.000Z",1.4323425154543523,4.754302459616317,1.37173074189507,,,
"Jonathan","Anders","2026-09-11T00:00:00.000Z",1.5853922382489583,5.074372966058501,1.37173074189507,3.277319527231157,38,11
"Jonathan","Anders","2026-09-10T00:00:00.000Z",1.7551706399776088,4.893741878062589,1.2546836159225287,21.166684047784656,155,113
"Jonathan","Anders","2026-09-09T00:00:00.000Z",1.8877556443177377,1.9527024366996355,0.49873061421593384,6.2381581692025065,60,16
"Jonathan","Anders","2026-09-08T00:00:00.000Z",2.166666666666666,1.1160209708329702,0.27593925103013006,7.726299028843641,76,21
"Jonathan","Anders","2026-09-07T00:00:00.000Z",,0,0,,,
"Jonathan","Anders","2026-09-06T00:00:00.000Z",,0,0,,,
"Alec","Beversdorf","2026-09-29T00:00:00.000Z",,0,0,,,
"Alec","Beversdorf","2026-09-28T00:00:00.000Z",,0,0,,,
"Alec","Beversdorf","2026-09-25T00:00:00.000Z",,0,0,,,
"Alec","Beversdorf","2026-09-24T00:00:00.000Z",,0,0,,,
"Alec","Beversdorf","2026-09-23T00:00:00.000Z",,0,0,,,
"Alec","Beversdorf","2026-09-22T00:00:00.000Z",,0,0,,,
"Alec","Beversdorf","2026-09-21T00:00:00.000Z",,0,0,,,
"Alec","Beversdorf","2026-09-18T00:00:00.000Z",,0,0,,,
"Alec","Beversdorf","2026-09-17T00:00:00.000Z",,0,0,,,
"Alec","Beversdorf","2026-09-16T00:00:00.000Z",,0,0,,,
"Alec","Beversdorf","2026-09-15T00:00:00.000Z",,0,0,,,
"Alec","Beversdorf","2026-09-14T00:00:00.000Z",,0,0,,,
"Alec","Beversdorf","2026-09-09T00:00:00.000Z",,0,0,,,
"Alec","Beversdorf","2026-09-08T00:00:00.000Z",,0,0,,,
"Alec","Beversdorf","2026-09-07T00:00:00.000Z",,0,0,,,
"Alec","Beversdorf","2026-09-06T00:00:00.000Z",,0,0,,,
"Will","Canalichio","2026-09-29T00:00:00.000Z",1.1748935815343196,3.0717328648289888,2.3343549342826013,,,
"Will","Canalichio","2026-09-28T00:00:00.000Z",1.2168274353848447,3.3139249826212316,2.3343549342826013,7.194629391655326,96,65
"Will","Canalichio","2026-09-27T00:00:00.000Z",0.97150042226703,2.45693761002169,2.0774038845806246,,,
"Will","Canalichio","2026-09-26T00:00:00.000Z",1.1465042883640686,3.031321315700186,2.0774038845806246,,,
"Will","Canalichio","2026-09-25T00:00:00.000Z",1.2379960436059394,3.4290903867765636,2.0774038845806246,6.157903634943068,104,45
"Will","Canalichio","2026-09-24T00:00:00.000Z",1.2994526787910172,3.379188041140636,1.8574787547612297,2.931544868275523,50,28
"Will","Canalichio","2026-09-23T00:00:00.000Z",1.2358568876778624,3.1922742968968425,1.7527807237513895,6.782058482989669,110,63
"Will","Canalichio","2026-09-22T00:00:00.000Z",1.3815584205304012,3.246340061393049,1.5105643493589014,,,
"Will","Canalichio","2026-09-21T00:00:00.000Z",1.4139216011709692,3.5178204575579404,1.5105643493589014,5.996917757205665,120,38
"Will","Canalichio","2026-09-20T00:00:00.000Z",1.2664213404663143,2.873105085260855,1.2963887151729847,,,
"Will","Canalichio","2026-09-19T00:00:00.000Z",1.457439282988878,3.5268946337642975,1.2963887151729847,,,
"Will","Canalichio","2026-09-18T00:00:00.000Z",1.4635721356643872,3.7947168010338723,1.2963887151729847,5.041887850500643,89,50
"Will","Canalichio","2026-09-17T00:00:00.000Z",1.5038459072644825,3.615823520782093,1.116321291940819,2.230925993062556,72,0
"Will","Canalichio","2026-09-16T00:00:00.000Z",1.4616360607747492,3.535462573294838,1.0366453636171562,8.332004990428686,145,84
"Will","Canalichio","2026-09-15T00:00:00.000Z",1.3312229316253832,2.5044012846011254,0.7390737568161317,,,
"Will","Canalichio","2026-09-14T00:00:00.000Z",1.4552279982532328,2.676851827858223,0.7390737568161317,10.975910948589444,117,106
"Will","Canalichio","2026-09-13T00:00:00.000Z",1.3960116250199694,1.172427087303044,0.34707693722365157,,,
"Will","Canalichio","2026-09-12T00:00:00.000Z",1.5477157592799682,1.2534117059885628,0.34707693722365157,,,
"Will","Canalichio","2026-09-11T00:00:00.000Z",1.7301015472439665,1.3343963246740813,0.34707693722365157,5.5579302897676826,122,80
"Will","Canalichio","2026-09-10T00:00:00.000Z",1.8375,0.5662527046450931,0.14857942687480577,,,
"Will","Canalichio","2026-09-09T00:00:00.000Z",2.1666666666666665,0.6009212375825477,0.14857942687480577,4.160223952494562,87,0
"Will","Canalichio","2026-09-08T00:00:00.000Z",,0,0,,,
"Will","Canalichio","2026-09-07T00:00:00.000Z",,0,0,,,
"Will","Canalichio","2026-09-06T00:00:00.000Z",,0,0,,,
"Collier","Carroll","2026-09-29T00:00:00.000Z",1.734782077887213,14.601989494522826,7.815961680574609,,,
"Collier","Carroll","2026-09-28T00:00:00.000Z",1.7932935654294326,15.698271444147556,7.815961680574609,13.606476113665849,59,47
"Collier","Carroll","2026-09-27T00:00:00.000Z",1.8844116296733546,16.11489552647108,7.330016105086543,,,
"Collier","Carroll","2026-09-26T00:00:00.000Z",1.932840126343558,17.247694744798352,7.330016105086543,58.85871026292443,197,169
"Collier","Carroll","2026-09-25T00:00:00.000Z",1.5563336962096406,10.355401614969336,5.227919309982099,17.232067982200533,65,51
"Collier","Carroll","2026-09-24T00:00:00.000Z",1.40290352034467,8.62783478468579,4.612488310617794,1.6114993407391012,45,1
"Collier","Carroll","2026-09-23T00:00:00.000Z",1.6309055766677636,10.400135908261612,4.554934762734255,22.473879841156304,91,74
"Collier","Carroll","2026-09-22T00:00:00.000Z",1.4411667763384874,7.969219431256513,3.7522961969786723,16.153542019426823,80,64
"Collier","Carroll","2026-09-21T00:00:00.000Z",1.2342049094693466,6.09633811116348,3.175383981999143,1.6176583948545158,31,3
"Collier","Carroll","2026-09-20T00:00:00.000Z",1.2287715230867755,6.309603939107102,3.117610467897196,,,
"Collier","Carroll","2026-09-19T00:00:00.000Z",1.4097078662993805,7.691110001140946,3.117610467897196,17.988548357971013,83,61
"Collier","Carroll","2026-09-18T00:00:00.000Z",1.3975557865635573,6.4571311693961935,2.475162312255374,,,
"Collier","Carroll","2026-09-17T00:00:00.000Z",1.4452939033057395,7.154673999189658,2.475162312255374,12.43556496873498,76,60
"Collier","Carroll","2026-09-16T00:00:00.000Z",1.4392965867264993,6.296256036918042,2.0310349919434105,2.046478478703648,58,0
"Collier","Carroll","2026-09-15T00:00:00.000Z",1.413472413298343,6.457507767458446,1.9579464748468516,17.988548357971013,83,61
"Collier","Carroll","2026-09-14T00:00:00.000Z",1.244157166412252,4.166111501343807,1.3154983192050298,3.1721713673323393,60,5
"Collier","Carroll","2026-09-13T00:00:00.000Z",1.3329587991822998,3.9884238169269843,1.2022064846574463,,,
"Collier","Carroll","2026-09-12T00:00:00.000Z",1.4674719077303653,4.268938663347055,1.2022064846574463,,,
"Collier","Carroll","2026-09-11T00:00:00.000Z",1.6218227191277865,4.549453509767126,1.2022064846574463,12.016008847858757,96,63
"Collier","Carroll","2026-09-10T00:00:00.000Z",1.7429169537813842,2.9941892266532197,0.7730633115196335,12.43556496873498,76,60
"Collier","Carroll","2026-09-09T00:00:00.000Z",1.868399899661539,1.2746926846732902,0.32893599120766986,2.5297288484871387,45,1
"Collier","Carroll","2026-09-08T00:00:00.000Z",2.1666666666666665,0.964958064102878,0.2385885323331292,6.680478905327618,65,14
"Collier","Carroll","2026-09-07T00:00:00.000Z",,0,0,,,
"Collier","Carroll","2026-09-06T00:00:00.000Z",,0,0,,,
"Tanner","Carson","2026-09-29T00:00:00.000Z",1.5318236678060329,13.357430966578399,8.09709956528137,,,
"Tanner","Carson","2026-09-28T00:00:00.000Z",1.5752157035567411,14.285239795112918,8.09709956528137,53.088054027291946,299,165
"Tanner","Carson","2026-09-27T00:00:00.000Z",0.9817211799797896,7.102373702811182,6.201097635735226,,,
"Tanner","Carson","2026-09-26T00:00:00.000Z",1.184801910567367,8.944261962615158,6.201097635735226,17.440455619245768,77,57
"Tanner","Carson","2026-09-25T00:00:00.000Z",1.103786130038601,7.836393759247018,5.578224220762162,12.585882846266031,98,35
"Tanner","Carson","2026-09-24T00:00:00.000Z",1.0957964337673483,7.49338972769005,5.1287284048240895,13.180486713536084,120,32
"Tanner","Carson","2026-09-23T00:00:00.000Z",1.1336244474611623,7.392586567340832,4.657996736483516,,,
"Tanner","Carson","2026-09-22T00:00:00.000Z",1.2942557179947909,8.884309973508222,4.657996736483516,15.042180217802525,110,38
"Tanner","Carson","2026-09-21T00:00:00.000Z",1.1385778855598854,7.298393575453923,4.12077601441914,,,
"Tanner","Carson","2026-09-20T00:00:00.000Z",1.1617872523822077,7.885236542193322,4.12077601441914,,,
"Tanner","Carson","2026-09-19T00:00:00.000Z",1.342266209667327,9.679562203084224,4.12077601441914,,,
"Tanner","Carson","2026-09-18T00:00:00.000Z",1.394922847942969,10.729907279034764,4.12077601441914,17.440455619245768,77,57
"Tanner","Carson","2026-09-17T00:00:00.000Z",1.3358836538257033,9.3455818105489,3.497902599446076,11.904432957060635,91,48
"Tanner","Carson","2026-09-16T00:00:00.000Z",1.4531503237178536,9.617266280530021,3.0727442795510536,12.795778218656778,82,37
"Tanner","Carson","2026-09-15T00:00:00.000Z",1.3728904306714076,8.379329384574925,2.615752200313312,17.05527251213789,150,66
"Tanner","Carson","2026-09-14T00:00:00.000Z",1.2498543736488525,6.384004930849187,2.0066353248798157,11.225216701626778,72,44
"Tanner","Carson","2026-09-13T00:00:00.000Z",1.2854403072581588,5.1372561772392755,1.605734728393145,,,
"Tanner","Carson","2026-09-12T00:00:00.000Z",1.4185957446083919,5.5119276138643425,1.605734728393145,,,
"Tanner","Carson","2026-09-11T00:00:00.000Z",1.571136327742036,5.8865990504894095,1.605734728393145,15.524777496233582,73,37
"Tanner","Carson","2026-09-10T00:00:00.000Z",1.6648713454459185,3.8894294807454575,1.0512783892419455,4.295943815261126,79,0
"Tanner","Carson","2026-09-09T00:00:00.000Z",1.867888582203852,3.4784030220147946,0.897851824411191,6.790794944390655,77,6
"Tanner","Carson","2026-09-08T00:00:00.000Z",2.166666666666666,2.6504192200955,0.6553234335400963,18.349056139122695,93,64
"Tanner","Carson","2026-09-07T00:00:00.000Z",,0,0,,,
"Tanner","Carson","2026-09-06T00:00:00.000Z",,0,0,,,
"Jacob","Gholston","2026-09-29T00:00:00.000Z",0.8527069456849704,8.242994710836662,8.976365694077682,,,
"Jacob","Gholston","2026-09-28T00:00:00.000Z",0.8861228726532446,8.908662509400811,8.976365694077682,,,
"Jacob","Gholston","2026-09-27T00:00:00.000Z",0.9142418117850267,9.574330307964964,8.976365694077682,,,
"Jacob","Gholston","2026-09-26T00:00:00.000Z",1.106034420270263,12.086467128014192,8.976365694077682,33.454764949157834,165,61
"Jacob","Gholston","2026-09-25T00:00:00.000Z",0.9016913465021663,8.930165613134804,7.781552660179191,8.86415886413306,70,13
"Jacob","Gholston","2026-09-24T00:00:00.000Z",0.8316399361322526,8.277562394921874,7.464975557888725,,,
"Jacob","Gholston","2026-09-23T00:00:00.000Z",1.0850661778161084,11.339989494524586,7.464975557888725,17.47505382914096,125,7
"Jacob","Gholston","2026-09-22T00:00:00.000Z",1.0198471377940443,10.281361428904347,6.840866492562262,5.93086304794997,64,0
"Jacob","Gholston","2026-09-21T00:00:00.000Z",0.9887335852992335,10.19567784552928,6.629049955135478,14.155295137315989,56,20
"Jacob","Gholston","2026-09-20T00:00:00.000Z",0.8729188992665894,8.80405994532371,6.123503700231335,,,
"Jacob","Gholston","2026-09-19T00:00:00.000Z",1.1247864597499209,12.053359584435302,6.123503700231335,,,
"Jacob","Gholston","2026-09-18T00:00:00.000Z",1.252774326011714,14.319887345656753,6.123503700231335,23.740315990522504,136,12
"Jacob","Gholston","2026-09-17T00:00:00.000Z",1.1152374137623577,11.76717167339391,5.2756352719983886,14.0315061211586,60,22
"Jacob","Gholston","2026-09-16T00:00:00.000Z",1.342818515304601,13.80895492564887,4.7745100533855815,,,
"Jacob","Gholston","2026-09-15T00:00:00.000Z",1.3395247833580928,14.923007271438836,4.7745100533855815,31.30266619566828,136,42
"Jacob","Gholston","2026-09-14T00:00:00.000Z",1.2091952979876837,11.25470783733504,3.6565576892545715,9.289812714792788,64,0
"Jacob","Gholston","2026-09-13T00:00:00.000Z",1.2916763325016032,10.688627688956652,3.3247786637262573,,,
"Jacob","Gholston","2026-09-12T00:00:00.000Z",1.4250099420016489,11.464409377159447,3.3247786637262573,,,
"Jacob","Gholston","2026-09-11T00:00:00.000Z",1.57778808800171,12.240191065362241,3.3247786637262573,33.38053453620523,137,20
"Jacob","Gholston","2026-09-10T00:00:00.000Z",1.670377974160267,7.916168866089233,2.132616716004642,17.16841026302427,72,20
"Jacob","Gholston","2026-09-09T00:00:00.000Z",1.8375000000000001,5.790827865194944,1.519459206610918,,,
"Jacob","Gholston","2026-09-08T00:00:00.000Z",2.166666666666666,6.14536834673749,1.519459206610918,42.544857785105705,136,104
"Jacob","Gholston","2026-09-07T00:00:00.000Z",,0,0,,,
"Jacob","Gholston","2026-09-06T00:00:00.000Z",,0,0,,,
"Sam","Hall","2026-09-29T00:00:00.000Z",1.0568551387323117,8.804297167263247,7.735609638970349,,,
"Sam","Hall","2026-09-28T00:00:00.000Z",1.0946445676215029,9.48387223676416,7.735609638970349,23.08625090494752,95,37
"Sam","Hall","2026-09-27T00:00:00.000Z",0.8230710279316602,6.636381195786976,6.911100678079368,,,
"Sam","Hall","2026-09-26T00:00:00.000Z",0.9000667019886115,7.57272368017584,6.911100678079368,5.774822216946632,41,0
"Sam","Hall","2026-09-25T00:00:00.000Z",1.167004642177642,9.958580896981431,6.704857027474129,,,
"Sam","Hall","2026-09-24T00:00:00.000Z",1.310054435759543,11.711636919968036,6.704857027474129,30.92912352271378,99,73
"Sam","Hall","2026-09-23T00:00:00.000Z",1.051523684277072,8.244307053809624,5.600245473091492,4.037239031866193,45,0
"Sam","Hall","2026-09-22T00:00:00.000Z",1.245334460394902,10.013120525762341,5.456058364810557,4.051866179332137,44,0
"Sam","Hall","2026-09-21T00:00:00.000Z",1.2737467796414894,10.523821006139682,5.311348858405839,13.669706484302878,109,10
"Sam","Hall","2026-09-20T00:00:00.000Z",1.1646788736201052,9.252213188933407,4.823145055395022,,,
"Sam","Hall","2026-09-19T00:00:00.000Z",1.2179317631232995,10.279957731954196,4.823145055395022,,,
"Sam","Hall","2026-09-18T00:00:00.000Z",1.4931346088855177,13.44299563765268,4.823145055395022,5.774822216946632,41,0
"Sam","Hall","2026-09-17T00:00:00.000Z",1.5495899693252,14.308608212451347,4.616901404789783,35.13611003663391,115,79
"Sam","Hall","2026-09-16T00:00:00.000Z",1.4380303121443851,10.413234263694731,3.3620403320528576,12.510841637849808,59,22
"Sam","Hall","2026-09-15T00:00:00.000Z",1.3651972212191252,9.286331757613345,2.9152245592725077,4.804782664403319,32,4
"Sam","Hall","2026-09-14T00:00:00.000Z",1.321991216421621,9.232486803270872,2.743625178400959,22.102317567914724,91,37
"Sam","Hall","2026-09-13T00:00:00.000Z",1.3355303275898112,6.4959230497996865,1.954256693832577,4.019766872748733,41,0
"Sam","Hall","2026-09-12T00:00:00.000Z",1.446510202065634,6.3377852283573395,1.8106935912344075,,,
"Sam","Hall","2026-09-11T00:00:00.000Z",1.6000846539939915,6.760280399645371,1.8106935912344075,4.1765040177851915,45,0
"Sam","Hall","2026-09-10T00:00:00.000Z",1.7725286396078348,6.5446985682162175,1.6615327334563652,31.18279325030744,116,94
"Sam","Hall","2026-09-09T00:00:00.000Z",1.9082472256506864,2.1683516816701744,0.5478615459453849,9.646854788064957,57,29
"Sam","Hall","2026-09-08T00:00:00.000Z",2.1666666666666656,0.822361005325284,0.20333101780020768,5.693268498405814,37,19
"Sam","Hall","2026-09-07T00:00:00.000Z",,0,0,,,
"Sam","Hall","2026-09-06T00:00:00.000Z",,0,0,,,
"Luke","Hayhow","2026-09-29T00:00:00.000Z",1.2094720541246284,11.174384691377378,8.909093423929463,,,
"Luke","Hayhow","2026-09-28T00:00:00.000Z",1.3056716904921764,12.527147307849692,8.909093423929463,9.039842216297984,87,24
"Luke","Hayhow","2026-09-27T00:00:00.000Z",1.254580415342158,12.064786663395353,8.586241916204537,,,
"Luke","Hayhow","2026-09-26T00:00:00.000Z",1.5105467453074983,15.131573077769847,8.586241916204537,40.71308827679604,127,114
"Luke","Hayhow","2026-09-25T00:00:00.000Z",1.2332171781886998,10.707632561742017,7.132203049176106,9.900856960564852,99,41
"Luke","Hayhow","2026-09-24T00:00:00.000Z",1.2161502878558101,10.492106005174314,6.778601014870219,4.914789715781808,53,18
"Luke","Hayhow","2026-09-23T00:00:00.000Z",1.3598763966974352,11.972483814657771,6.603072810735155,18.451792367734015,145,67
"Luke","Hayhow","2026-09-22T00:00:00.000Z",1.2571898649364015,10.461972383399392,5.9440802261732255,12.191392991691828,111,36
"Luke","Hayhow","2026-09-21T00:00:00.000Z",1.209402889096152,9.817986971222691,5.508673333612803,8.785278687253594,104,19
"Luke","Hayhow","2026-09-20T00:00:00.000Z",1.1398609056643485,9.211189043374421,5.194913380496603,6.250122081488371,58,30
"Luke","Hayhow","2026-09-19T00:00:00.000Z",1.1162670488140813,9.140746603290447,4.971694734729161,,,
"Luke","Hayhow","2026-09-18T00:00:00.000Z",1.2390623352232408,10.78041945405356,4.971694734729161,28.586469497531652,144,95
"Luke","Hayhow","2026-09-17T00:00:00.000Z",0.9904168884772021,7.304059323821114,3.950749395531602,9.186424918472767,97,26
"Luke","Hayhow","2026-09-16T00:00:00.000Z",1.2451954786076351,9.021846656494825,3.622662791300432,6.148435385897756,76,16
"Luke","Hayhow","2026-09-15T00:00:00.000Z",1.358576722065332,9.957962179375397,3.403075813232655,18.560904601588845,116,55
"Luke","Hayhow","2026-09-14T00:00:00.000Z",1.2381305077229172,7.916319443886944,2.7401863631759107,5.235071549192071,86,0
"Luke","Hayhow","2026-09-13T00:00:00.000Z",1.193378868834206,7.755893664168091,2.5532195221333365,5.49498453643173,76,0
"Luke","Hayhow","2026-09-12T00:00:00.000Z",1.280571145333733,7.51213335959991,2.3569700744036317,,,
"Luke","Hayhow","2026-09-11T00:00:00.000Z",1.4135874637718397,8.062093043627424,2.3569700744036317,2.8575070835649967,51,0
"Luke","Hayhow","2026-09-10T00:00:00.000Z",1.553840885375495,8.175489145443619,2.2549162499905964,12.931172627024353,108,6
"Luke","Hayhow","2026-09-09T00:00:00.000Z",1.6879913846862418,6.726040452423817,1.793088656168298,1.92011660290882,55,0
"Luke","Hayhow","2026-09-08T00:00:00.000Z",1.9154378965292034,6.851076657863127,1.7245130632072687,33.451891370117664,107,97
"Luke","Hayhow","2026-09-07T00:00:00.000Z",2.1666666666666665,2.142757413287957,0.5298026571316379,14.83447439968586,75,75
"Luke","Hayhow","2026-09-06T00:00:00.000Z",,0,0,,,
"James","Janak","2026-09-29T00:00:00.000Z",1.5726457388648292,9.555899661228374,5.642297677363138,,,
"James","Janak","2026-09-28T00:00:00.000Z",1.627675552230807,10.285889586394964,5.642297677363138,16.683757540304214,106,48
"James","Janak","2026-09-27T00:00:00.000Z",1.438121020675321,8.466972109570634,5.046449193780843,,,
"James","Janak","2026-09-26T00:00:00.000Z",1.4743917569129343,9.057930721901355,5.046449193780843,23.983970005996525,132,58
"James","Janak","2026-09-25T00:00:00.000Z",1.1222859250113184,5.984671694427055,4.189878836423824,8.724414178170264,80,10
"James","Janak","2026-09-24T00:00:00.000Z",1.1409810833657643,5.900078013808364,3.878292615774886,5.579295562114567,113,2
"James","Janak","2026-09-23T00:00:00.000Z",1.4011622212171233,7.216889026336785,3.67903205998508,15.701544258743525,105,26
"James","Janak","2026-09-22T00:00:00.000Z",1.168629155558329,5.3702417483605025,3.118262622172811,9.37445843219757,81,19
"James","Janak","2026-09-21T00:00:00.000Z",1.0068268034355514,4.359386380616989,2.7834605353086124,7.5513510424643755,94,8
"James","Janak","2026-09-20T00:00:00.000Z",0.8571645622743558,3.5489408215921783,2.51376942664917,,,
"James","Janak","2026-09-19T00:00:00.000Z",0.8704619168116233,3.829245968701111,2.51376942664917,,,
"James","Janak","2026-09-18T00:00:00.000Z",1.169794054679008,5.4891060562390415,2.51376942664917,,,
"James","Janak","2026-09-17T00:00:00.000Z",1.2805719199191445,6.43812508183635,2.51376942664917,,,
"James","Janak","2026-09-16T00:00:00.000Z",1.4553831885350876,7.87984133655102,2.51376942664917,11.021280869841576,57,33
"James","Janak","2026-09-15T00:00:00.000Z",1.371043193678013,6.782580736543362,2.120152252726257,22.615336783230305,99,70
"James","Janak","2026-09-14T00:00:00.000Z",1.1440819252827719,3.8221620314081926,1.3124616533251745,,,
"James","Janak","2026-09-13T00:00:00.000Z",1.2638337872210166,4.128403083850732,1.3124616533251745,,,
"James","Janak","2026-09-12T00:00:00.000Z",1.3963718954273316,4.434644136293274,1.3124616533251745,,,
"James","Janak","2026-09-11T00:00:00.000Z",1.5480893730357512,4.740885188735815,1.3124616533251745,,,
"James","Janak","2026-09-10T00:00:00.000Z",1.7304938416875388,5.047126241178355,1.3124616533251745,17.73713494837284,90,59
"James","Janak","2026-09-09T00:00:00.000Z",1.8771307230210978,2.6435272320639345,0.6789925480261445,6.697342550382018,64,17
"James","Janak","2026-09-08T00:00:00.000Z",2.166666666666666,1.778753714739448,0.43980174265535815,12.314448794350028,88,34
"James","Janak","2026-09-07T00:00:00.000Z",,0,0,,,
"James","Janak","2026-09-06T00:00:00.000Z",,0,0,,,
"Chris","Langley","2026-09-29T00:00:00.000Z",0.09630141752654549,0.27172402654671,2.6200566304032713,,,
"Chris","Langley","2026-09-28T00:00:00.000Z",0.09954233061638118,0.29210332853771337,2.6200566304032713,,,
"Chris","Langley","2026-09-27T00:00:00.000Z",0.10222765860510213,0.31248263052871655,2.6200566304032713,,,
"Chris","Langley","2026-09-26T00:00:00.000Z",0.3576146420557801,1.1406598779709174,2.6200566304032713,,,
"Chris","Langley","2026-09-25T00:00:00.000Z",0.46535514645726184,1.5517814288678982,2.6200566304032713,2.4455162389203906,69,0
"Chris","Langley","2026-09-24T00:00:00.000Z",0.44888888646260294,1.5158778776582853,2.532716764727545,,,
"Chris","Langley","2026-09-23T00:00:00.000Z",0.6503072972226382,2.305861871460608,2.532716764727545,,,
"Chris","Langley","2026-09-22T00:00:00.000Z",0.7853896406528973,2.9314076985420097,2.532716764727545,,,
"Chris","Langley","2026-09-21T00:00:00.000Z",0.8086515890522453,3.1859106788696305,2.532716764727545,,,
"Chris","Langley","2026-09-20T00:00:00.000Z",0.8247359546431696,3.4404136591972527,2.532716764727545,,,
"Chris","Langley","2026-09-19T00:00:00.000Z",0.9773928807480985,4.332053835893103,2.532716764727545,,,
"Chris","Langley","2026-09-18T00:00:00.000Z",1.1049325350441732,5.223831490078662,2.532716764727545,10.38597358437255,141,49
"Chris","Langley","2026-09-17T00:00:00.000Z",0.965173218233513,4.1730019564494585,2.1617891367142383,3.9110460304655135,60,2
"Chris","Langley","2026-09-16T00:00:00.000Z",1.3020818820039124,5.670972224434244,2.022108921340469,2.548232397995889,51,0
"Chris","Langley","2026-09-15T00:00:00.000Z",1.2768775394401422,5.753484356386533,1.9311006214120456,8.35208863322623,110,9
"Chris","Langley","2026-09-14T00:00:00.000Z",1.1856994283291118,4.928060960195336,1.632811741653965,5.343016993254423,76,0
"Chris","Langley","2026-09-13T00:00:00.000Z",1.251829477359499,4.49275610372295,1.4419897061805924,,,
"Chris","Langley","2026-09-12T00:00:00.000Z",1.3840246052840552,4.829220368498419,1.4419897061805924,,,
"Chris","Langley","2026-09-11T00:00:00.000Z",1.535284775850131,5.16568463327389,1.4419897061805924,8.19176395330578,124,0
"Chris","Langley","2026-09-10T00:00:00.000Z",1.6641193555639775,4.2506294051832,1.1494267078482416,7.315842526033521,71,0
"Chris","Langley","2026-09-09T00:00:00.000Z",1.846351595646137,3.401130806648222,0.888146617632759,1.9566436670720577,53,0
"Chris","Langley","2026-09-08T00:00:00.000Z",2.166666666666666,3.3094333460709695,0.8182664866658993,22.911461626645178,81,61
"Chris","Langley","2026-09-07T00:00:00.000Z",,0,0,,,
"Chris","Langley","2026-09-06T00:00:00.000Z",,0,0,,,
"Riley","Leininger","2026-09-29T00:00:00.000Z",1.3782134676901423,18.220490106261167,12.276056593466944,,,
"Riley","Leininger","2026-09-28T00:00:00.000Z",1.431913232542189,19.68763762517676,12.276056593466944,16.15299979224801,93,12
"Riley","Leininger","2026-09-27T00:00:00.000Z",1.3691063352197113,18.6869657313878,11.699163743743807,,,
"Riley","Leininger","2026-09-26T00:00:00.000Z",1.547842727331132,22.04508845500337,11.699163743743807,37.45463627809659,193,48
"Riley","Leininger","2026-09-25T00:00:00.000Z",1.4729142234507844,19.423852024987962,10.361498162383214,13.413108499255031,127,4
"Riley","Leininger","2026-09-24T00:00:00.000Z",1.45125314859173,19.122598826764925,9.882458573124106,33.03505865111947,162,51
"Riley","Leininger","2026-09-23T00:00:00.000Z",1.3707994947027131,16.701394820521173,8.702635049869839,32.17663984885439,146,49
"Riley","Leininger","2026-09-22T00:00:00.000Z",1.27555913804678,14.198795345878331,7.553469340982182,25.798521981574595,118,38
"Riley","Leininger","2026-09-21T00:00:00.000Z",1.0965325202291267,11.312476406427512,6.632093555925946,18.0267372187227,63,33
"Riley","Leininger","2026-09-20T00:00:00.000Z",0.9529023959193297,9.398525789232615,5.988281512400135,,,
"Riley","Leininger","2026-09-19T00:00:00.000Z",1.1268734476267697,11.809062008166478,5.988281512400135,,,
"Riley","Leininger","2026-09-18T00:00:00.000Z",1.2844025741699763,14.357213153511598,5.988281512400135,26.04321689531207,97,49
"Riley","Leininger","2026-09-17T00:00:00.000Z",1.297130312166228,13.122202502092758,5.058166623281847,19.94700437039137,76,26
"Riley","Leininger","2026-09-16T00:00:00.000Z",1.3471691553720617,12.609675429494947,4.345773610053584,4.426748346537352,29,3
"Riley","Leininger","2026-09-15T00:00:00.000Z",1.3250495210489934,12.947380496675356,4.187675454820107,16.676178629510105,84,12
"Riley","Leininger","2026-09-14T00:00:00.000Z",1.244242224123291,11.376755256624893,3.592097646623318,15.696222819387913,62,21
"Riley","Leininger","2026-09-13T00:00:00.000Z",1.3010909822919432,9.8168773323194,3.0315182602166066,,,
"Riley","Leininger","2026-09-12T00:00:00.000Z",1.4346935817859992,10.52423159303661,3.0315182602166066,,,
"Riley","Leininger","2026-09-11T00:00:00.000Z",1.5878303811114065,11.231585853753819,3.0315182602166066,22.1223187725991,81,42
"Riley","Leininger","2026-09-10T00:00:00.000Z",1.7183692000616844,8.55914141310172,2.2414354469094957,21.52140510082245,81,32
"Riley","Leininger","2026-09-09T00:00:00.000Z",1.8967830438731563,5.794150571421616,1.472813836165837,21.731207497417927,79,54
"Riley","Leininger","2026-09-08T00:00:00.000Z",2.1666666666666665,2.8177615433103504,0.6966992826866252,19.507579915225506,67,56
"Riley","Leininger","2026-09-07T00:00:00.000Z",,0,0,,,
"Riley","Leininger","2026-09-06T00:00:00.000Z",,0,0,,,
"Nolan","Moore","2026-09-29T00:00:00.000Z",1.2774168006298439,4.83419172923055,3.514038893011663,,,
"Nolan","Moore","2026-09-28T00:00:00.000Z",1.3183979413406575,5.188849839418089,3.514038893011663,15.726856473367661,105,63
"Nolan","Moore","2026-09-27T00:00:00.000Z",0.9118481401696557,3.140793766174465,2.9523654475342465,,,
"Nolan","Moore","2026-09-26T00:00:00.000Z",1.3077416484907645,4.700264139328568,2.9523654475342465,,,
"Nolan","Moore","2026-09-25T00:00:00.000Z",1.3484812851771357,5.0669939765499725,2.9523654475342465,13.099069939926267,80,46
"Nolan","Moore","2026-09-24T00:00:00.000Z",1.4995338496597592,4.967538815716076,2.4845415211083095,,,
"Nolan","Moore","2026-09-23T00:00:00.000Z",1.5494611086608439,5.389580643734533,2.4845415211083095,10.200824512168765,56,38
"Nolan","Moore","2026-09-22T00:00:00.000Z",1.5886166810254656,4.963702892814761,2.1202263599594247,,,
"Nolan","Moore","2026-09-21T00:00:00.000Z",1.6302775450864844,5.376867105776917,2.1202263599594247,3.5322222970426083,70,13
"Nolan","Moore","2026-09-20T00:00:00.000Z",1.5986026629961716,5.25038624557977,1.9940755636364746,,,
"Nolan","Moore","2026-09-19T00:00:00.000Z",1.7222724766617394,6.010097554360979,1.9940755636364746,,,
"Nolan","Moore","2026-09-18T00:00:00.000Z",1.7285427486337945,6.434110397403127,1.9940755636364746,17.17546371743083,130,106
"Nolan","Moore","2026-09-17T00:00:00.000Z",1.6718643125126957,4.616572911164262,1.3806661451568023,,,
"Nolan","Moore","2026-09-16T00:00:00.000Z",1.6615958579240497,4.9411581648552465,1.3806661451568023,19.73650883557275,143,107
"Nolan","Moore","2026-09-15T00:00:00.000Z",1.4256399672387499,2.2480136377348865,0.6757908296006331,,,
"Nolan","Moore","2026-09-14T00:00:00.000Z",1.3985033033021887,2.405698164641703,0.6757908296006331,9.135510705411434,140,95
"Nolan","Moore","2026-09-13T00:00:00.000Z",1.3422795045769935,1.167679667110658,0.34952259012165365,,,
"Nolan","Moore","2026-09-12T00:00:00.000Z",1.4770589189934789,1.249234938139044,0.34952259012165365,,,
"Nolan","Moore","2026-09-11T00:00:00.000Z",1.6317648048821267,1.3307902091674302,0.34952259012165365,4.834057906642556,83,71
"Nolan","Moore","2026-09-10T00:00:00.000Z",1.7142581863265571,0.6738088555698696,0.17687766488441936,,,
"Nolan","Moore","2026-09-09T00:00:00.000Z",1.949205199635597,0.7150803107095675,0.17687766488441936,4.917585211340338,122,0
"Nolan","Moore","2026-09-08T00:00:00.000Z",2.1666666666666665,0.005054025227824846,0.0012496216222643852,0.034989405423402786,1,0
"Nolan","Moore","2026-09-07T00:00:00.000Z",,0,0,,,
"Nolan","Moore","2026-09-06T00:00:00.000Z",,0,0,,,
"Logan","Schultz","2026-09-29T00:00:00.000Z",0.7211703752039272,5.464317769762907,7.035798380101505,,,
"Logan","Schultz","2026-09-28T00:00:00.000Z",0.7479847366397692,5.894190174197628,7.035798380101505,6.140260335989296,72,0
"Logan","Schultz","2026-09-27T00:00:00.000Z",0.6772597485005568,5.385967249522864,6.816503368101888,,,
"Logan","Schultz","2026-09-26T00:00:00.000Z",0.8916526557611381,7.399247533601658,6.816503368101888,,,
"Logan","Schultz","2026-09-25T00:00:00.000Z",1.0471460767433713,9.084567875111105,6.816503368101888,20.97501721046865,112,11
"Logan","Schultz","2026-09-24T00:00:00.000Z",0.9928146271156336,8.03173214758151,6.067395610585154,8.46989866765216,35,9
"Logan","Schultz","2026-09-23T00:00:00.000Z",0.9846674602542339,7.947112156241207,5.764899229597575,5.969939889851958,57,0
"Logan","Schultz","2026-09-22T00:00:00.000Z",1.046117155793081,8.558738055588522,5.551687090674291,10.02957242820412,60,6
"Logan","Schultz","2026-09-21T00:00:00.000Z",0.955290267608407,7.717560065214313,5.193488075381285,,,
"Logan","Schultz","2026-09-20T00:00:00.000Z",0.973242600802648,8.325098092247375,5.193488075381285,,,
"Logan","Schultz","2026-09-19T00:00:00.000Z",1.1481957689687543,10.435496810099323,5.193488075381285,,,
"Logan","Schultz","2026-09-18T00:00:00.000Z",1.2427253953179604,12.047615106907,5.193488075381285,21.01598634570837,69,46
"Logan","Schultz","2026-09-17T00:00:00.000Z",1.323210796523641,11.757831840762972,4.442917134463126,14.547645689919591,43,28
"Logan","Schultz","2026-09-16T00:00:00.000Z",1.381186152427662,11.671451588674817,3.9233583598231374,18.985032284632325,59,40
"Logan","Schultz","2026-09-15T00:00:00.000Z",1.279170318365232,9.686410829148054,3.2453214925148393,7.083107282873243,48,0
"Logan","Schultz","2026-09-14T00:00:00.000Z",1.229044852101983,9.361511120295875,2.9923533752693663,11.27279164083302,58,4
"Logan","Schultz","2026-09-13T00:00:00.000Z",1.2935154251107224,8.33749485162035,2.5897536738110447,,,
"Logan","Schultz","2026-09-12T00:00:00.000Z",1.4269015801138851,8.941770708842924,2.5897536738110447,,,
"Logan","Schultz","2026-09-11T00:00:00.000Z",1.579749786784771,9.546046566065508,2.5897536738110447,19.322494596242905,66,7
"Logan","Schultz","2026-09-10T00:00:00.000Z",1.7051555412653872,7.198274637750969,1.8996645810880834,10.845764761790633,50,7
"Logan","Schultz","2026-09-09T00:00:00.000Z",1.9079362331878649,5.984537868064617,1.512315839595561,26.512100192718208,73,67
"Logan","Schultz","2026-09-08T00:00:00.000Z",2.166666666666667,2.28695181230497,0.5654551184270531,15.832743315957487,55,38
"Logan","Schultz","2026-09-07T00:00:00.000Z",,0,0,,,
"Logan","Schultz","2026-09-06T00:00:00.000Z",,0,0,,,
"Cade","Smith","2026-09-29T00:00:00.000Z",1.0961269911344855,8.450626562484011,7.158851522603076,,,
"Cade","Smith","2026-09-28T00:00:00.000Z",1.204178513360131,9.654999405916573,7.158851522603076,10.424044002778828,93,40
"Cade","Smith","2026-09-27T00:00:00.000Z",1.1130394447076832,8.812665971187469,6.7865642367895465,5.537690292112529,57,17
"Cade","Smith","2026-09-26T00:00:00.000Z",1.1013829371434614,8.83434138536815,6.588789583499811,1.35772187076509,44,0
"Cade","Smith","2026-09-25T00:00:00.000Z",1.382603047584053,11.508812055851902,6.540299516686771,,,
"Cade","Smith","2026-09-24T00:00:00.000Z",1.4790873938286897,12.898232755993698,6.540299516686771,36.29527741856873,121,89
"Cade","Smith","2026-09-23T00:00:00.000Z",1.2027220690120455,8.829971035723833,5.244039608880745,5.144864189438522,80,1
"Cade","Smith","2026-09-22T00:00:00.000Z",1.268034027697202,9.456079779273002,5.06029445925794,2.697216642089188,66,0
"Cade","Smith","2026-09-21T00:00:00.000Z",1.302152232311475,10.054859870233729,4.96396529346904,22.0309732016176,144,47
"Cade","Smith","2026-09-20T00:00:00.000Z",1.0776633528171125,7.4143273549232,4.177144821982698,6.539673599414527,46,17
"Cade","Smith","2026-09-19T00:00:00.000Z",1.0211479072777336,7.047221337741293,3.943585050575036,,,
"Cade","Smith","2026-09-18T00:00:00.000Z",1.3289449775441966,9.782840753429465,3.943585050575036,2.6273522689007223,79,0
"Cade","Smith","2026-09-17T00:00:00.000Z",1.4299049672575745,11.009556272380157,3.8497510409714386,28.835889524780214,135,50
"Cade","Smith","2026-09-16T00:00:00.000Z",1.3558482808140908,8.23491553961972,2.8198978436578597,6.702775411307812,85,1
"Cade","Smith","2026-09-15T00:00:00.000Z",1.30685917565321,7.868856570856748,2.580513007539724,7.108713284134865,68,1
"Cade","Smith","2026-09-14T00:00:00.000Z",1.246962003454815,7.384922854206524,2.3266303902491927,9.403725133277476,97,5
"Cade","Smith","2026-09-13T00:00:00.000Z",1.3100576141138696,6.491123049902833,1.9907830640607114,3.7881711022928357,52,0
"Cade","Smith","2026-09-12T00:00:00.000Z",1.420296494257406,6.376890735333372,1.8554912389788245,,,
"Cade","Smith","2026-09-11T00:00:00.000Z",1.5729000681187912,6.809838691095097,1.8554912389788245,1.1608921717852354,41,0
"Cade","Smith","2026-09-10T00:00:00.000Z",1.752694963496461,7.065428120611855,1.8140308042722089,28.78358689136803,100,69
"Cade","Smith","2026-09-09T00:00:00.000Z",1.8960791533138635,3.0912095332052556,0.786045558151922,11.460308723151684,65,36
"Cade","Smith","2026-09-08T00:00:00.000Z",2.1666666666666665,1.523739664070308,0.37674881803936194,10.548966905102134,53,40
"Cade","Smith","2026-09-07T00:00:00.000Z",,0,0,,,
"Cade","Smith","2026-09-06T00:00:00.000Z",,0,0,,,
"Jayden","Stewart","2026-09-29T00:00:00.000Z",1.31019624027405,3.6681602042608175,2.5997241149057766,,,
"Jayden","Stewart","2026-09-28T00:00:00.000Z",1.3506521699797915,3.9326817792038344,2.5997241149057766,3.567904788069427,44,17
"Jayden","Stewart","2026-09-27T00:00:00.000Z",1.2661807164111156,3.652106789302908,2.4722989439032967,,,
"Jayden","Stewart","2026-09-26T00:00:00.000Z",1.7634537652213176,5.30756420341786,2.4722989439032967,18.265736302360892,132,116
"Jayden","Stewart","2026-09-25T00:00:00.000Z",1.3691132061883355,3.171279043295523,1.8199512188189817,3.4368420522660017,71,16
"Jayden","Stewart","2026-09-24T00:00:00.000Z",1.2857752079415268,2.909635337455094,1.6972068598094805,0.9194656368345022,34,0
"Jayden","Stewart","2026-09-23T00:00:00.000Z",1.5044494166800377,3.5055421412663734,1.6643688013511055,5.5526402136310935,80,0
"Jayden","Stewart","2026-09-22T00:00:00.000Z",1.3599063029488367,2.93809089633481,1.4660602222928512,,,
"Jayden","Stewart","2026-09-21T00:00:00.000Z",1.3912013351038082,3.172687682261067,1.4660602222928512,,,
"Jayden","Stewart","2026-09-20T00:00:00.000Z",1.4110664730254867,3.4072844681873273,1.4660602222928512,,,
"Jayden","Stewart","2026-09-19T00:00:00.000Z",1.6150078875597742,4.1434729396210335,1.4660602222928512,,,
"Jayden","Stewart","2026-09-18T00:00:00.000Z",1.6194319979621423,4.431811691851665,1.4660602222928512,18.265736302360892,132,116
"Jayden","Stewart","2026-09-17T00:00:00.000Z",1.185647172036869,1.929551842332714,0.813712497208534,3.4368420522660017,71,16
"Jayden","Stewart","2026-09-16T00:00:00.000Z",1.372222222222222,2.042194719566032,0.6909681381990335,,,
"Jayden","Stewart","2026-09-15T00:00:00.000Z",1.3666666666666665,2.20342061847914,0.6909681381990335,6.4490359565243125,81,1
"Jayden","Stewart","2026-09-14T00:00:00.000Z",1.1763888888888887,1.3793771351454778,0.46064542546602233,,,
"Jayden","Stewart","2026-09-13T00:00:00.000Z",1.2968749999999998,1.4868610677542164,0.46064542546602233,,,
"Jayden","Stewart","2026-09-12T00:00:00.000Z",1.430357142857143,1.5943450003629551,0.46064542546602233,,,
"Jayden","Stewart","2026-09-11T00:00:00.000Z",1.5833333333333333,1.7018289329716936,0.46064542546602233,6.4490359565243125,81,1
"Jayden","Stewart","2026-09-10T00:00:00.000Z",1.6099999999999999,0.8240434833336621,0.23032271273301116,,,
"Jayden","Stewart","2026-09-09T00:00:00.000Z",1.8375000000000001,0.8777854496380315,0.23032271273301116,,,
"Jayden","Stewart","2026-09-08T00:00:00.000Z",2.1666666666666665,0.9315274159424006,0.23032271273301116,6.4490359565243125,81,1
"Jayden","Stewart","2026-09-07T00:00:00.000Z",,0,0,,,
"Jayden","Stewart","2026-09-06T00:00:00.000Z",,0,0,,,
"Kortland","Stovall","2026-09-29T00:00:00.000Z",1.0511108134791634,6.038182354072988,5.334245963979415,,,
"Kortland","Stovall","2026-09-28T00:00:00.000Z",1.0870654753114988,6.494515579173135,5.334245963979415,16.081035828217864,76,61
"Kortland","Stovall","2026-09-27T00:00:00.000Z",0.8092610461860155,4.49402388607333,4.759923255828775,,,
"Kortland","Stovall","2026-09-26T00:00:00.000Z",0.8463200213415787,4.904161471339305,4.759923255828775,,,
"Kortland","Stovall","2026-09-25T00:00:00.000Z",1.0020546615071957,6.070531456079658,4.759923255828775,5.372168857604265,45,29
"Kortland","Stovall","2026-09-24T00:00:00.000Z",1.4055311207837597,8.560734143123979,4.56806008234291,20.200861163437366,75,68
"Kortland","Stovall","2026-09-23T00:00:00.000Z",1.1756047862515306,6.330915161854665,3.8466007550772936,5.724239495582879,58,25
"Kortland","Stovall","2026-09-22T00:00:00.000Z",1.342331091033781,7.204826601363955,3.6421636302350495,7.381681667175144,54,28
"Kortland","Stovall","2026-09-21T00:00:00.000Z",1.2739447303153253,6.695209451243949,3.3785321421216503,,,
"Kortland","Stovall","2026-09-20T00:00:00.000Z",1.3031990707409822,7.251835208604781,3.3785321421216503,,,
"Kortland","Stovall","2026-09-19T00:00:00.000Z",1.3478936099202532,7.9693282992329255,3.3785321421216503,,,
"Kortland","Stovall","2026-09-18T00:00:00.000Z",1.5391107180694916,9.70654539172586,3.3785321421216503,1.1290241837268695,36,0
"Kortland","Stovall","2026-09-17T00:00:00.000Z",1.6153754583883502,10.784924532781977,3.3382098498456907,10.731045300140977,115,12
"Kortland","Stovall","2026-09-16T00:00:00.000Z",1.599439383920693,10.179672621084812,2.9549582319835137,37.15447116075666,415,91
"Kortland","Stovall","2026-09-15T00:00:00.000Z",1.3669913310295865,5.192785336765358,1.6280128333850632,2.191020064987242,35,1
"Kortland","Stovall","2026-09-14T00:00:00.000Z",1.327786130401177,5.2379158212932655,1.5497621167783762,15.589530173689127,68,48
"Kortland","Stovall","2026-09-13T00:00:00.000Z",1.3019861212158519,3.2177932053390474,0.9929931820037643,,,
"Kortland","Stovall","2026-09-12T00:00:00.000Z",1.4356142961077332,3.4494916144732586,0.9929931820037643,,,
"Kortland","Stovall","2026-09-11T00:00:00.000Z",1.5887851959635744,3.6811900236074697,0.9929931820037643,2.06829428486526,47,0
"Kortland","Stovall","2026-09-10T00:00:00.000Z",1.7610266624386859,3.596899028109492,0.9191255289728624,14.957428492605686,99,40
"Kortland","Stovall","2026-09-09T00:00:00.000Z",1.9116274838253322,1.5261989651661778,0.3849316542369444,7.101799282245338,63,19
"Kortland","Stovall","2026-09-08T00:00:00.000Z",2.1666666666666674,0.5310192385895386,0.13129596558532544,3.6762870363891125,30,9
"Kortland","Stovall","2026-09-07T00:00:00.000Z",,0,0,,,
"Kortland","Stovall","2026-09-06T00:00:00.000Z",,0,0,,,
"Titan","Targac","2026-09-29T00:00:00.000Z",1.4910642621206383,7.8624297856068655,4.896386992523081,,,
"Titan","Targac","2026-09-28T00:00:00.000Z",1.61441536307558,8.853378670407821,4.896386992523081,7.4671115931123495,108,42
"Titan","Targac","2026-09-27T00:00:00.000Z",1.5490988106084462,8.36718124048008,4.629704435626211,9.759104641154408,86,49
"Titan","Targac","2026-09-26T00:00:00.000Z",1.4452720739547913,7.53254562941923,4.281164984156411,6.098501544445753,61,31
"Titan","Targac","2026-09-25T00:00:00.000Z",1.4902136719592824,7.706715735295115,4.063361357569063,0.36954515241086483,12,0
"Titan","Targac","2026-09-24T00:00:00.000Z",1.6021746279953175,8.652091873055904,4.050163316411532,32.654408000875264,135,119
"Titan","Targac","2026-09-23T00:00:00.000Z",1.107068692095661,4.4697989698286005,2.883934459237415,4.982021019328386,90,12
"Titan","Targac","2026-09-22T00:00:00.000Z",1.1150456805343545,4.446575868954662,2.7060051371185443,4.808344252873212,101,14
"Titan","Targac","2026-09-21T00:00:00.000Z",1.175083858080213,4.632428614813317,2.5342785566587867,7.571056650951505,128,35
"Titan","Targac","2026-09-20T00:00:00.000Z",1.0273858257074602,3.830864470667115,2.2638836762676613,4.843261427246034,96,27
"Titan","Targac","2026-09-19T00:00:00.000Z",1.094744288304625,4.005770717949942,2.0909100538660175,,,
"Titan","Targac","2026-09-18T00:00:00.000Z",1.2617346366193065,4.924590789100815,2.0909100538660175,0.8222574004903436,32,0
"Titan","Targac","2026-09-17T00:00:00.000Z",1.336665424562658,5.511188418508714,2.0615437181342195,7.559665596927516,125,34
"Titan","Targac","2026-09-16T00:00:00.000Z",1.4044231246060583,5.419297045010737,1.7915556611010939,6.065311231184751,92,19
"Titan","Targac","2026-09-15T00:00:00.000Z",1.3362930902979204,4.910681927836655,1.5749374028444956,2.9445720766671,75,1
"Titan","Targac","2026-09-14T00:00:00.000Z",1.2905608871148841,4.8283021434540085,1.469774114392099,5.245048956479877,96,9
"Titan","Targac","2026-09-13T00:00:00.000Z",1.3690757182608826,4.369922512905516,1.2824509373749606,7.563834629952908,55,44
"Titan","Targac","2026-09-12T00:00:00.000Z",1.4343758537279423,3.513575218716869,1.012313986305214,,,
"Titan","Targac","2026-09-11T00:00:00.000Z",1.5875008853474957,3.7497818155214193,1.012313986305214,8.00763477012515,44,41
"Titan","Targac","2026-09-10T00:00:00.000Z",1.711584235971624,2.762599766890182,0.7263270302293157,7.7196518438868225,132,1
"Titan","Targac","2026-09-09T00:00:00.000Z",1.8752713048634624,1.7526848200165357,0.4506251786619292,4.236263360595331,86,0
"Titan","Targac","2026-09-08T00:00:00.000Z",2.1666666666666665,1.2106237927244767,0.29933005864066736,8.381241641938686,55,35
"Titan","Targac","2026-09-07T00:00:00.000Z",,0,0,,,
"Titan","Targac","2026-09-06T00:00:00.000Z",,0,0,,,
"Jesus","Tovar","2026-09-29T00:00:00.000Z",1.2568020784184104,1.263632632096091,0.3949922696587494,,,
"Jesus","Tovar","2026-09-28T00:00:00.000Z",1.3791157620188286,1.3557974950164653,0.3949922696587494,3.809379014186561,89,24
"Jesus","Tovar","2026-09-27T00:00:00.000Z",1.3820684140853114,0.8659738974361161,0.2589430191520866,,,
"Jesus","Tovar","2026-09-26T00:00:00.000Z",1.5332561331255086,0.92639393523827,0.2589430191520866,,,
"Jesus","Tovar","2026-09-25T00:00:00.000Z",1.7149189397817834,0.9868139730404232,0.2589430191520866,3.6224036044441164,67,18
"Jesus","Tovar","2026-09-24T00:00:00.000Z",1.8374999999999997,0.49381123794139276,0.12957146185051122,,,
"Jesus","Tovar","2026-09-23T00:00:00.000Z",2.166666666666667,0.5240445790398454,0.12957146185051122,3.628000931814313,53,0
"Jesus","Tovar","2026-09-22T00:00:00.000Z",,0,0,,,
"Jesus","Tovar","2026-09-21T00:00:00.000Z",,0,0,,,
"Jesus","Tovar","2026-09-18T00:00:00.000Z",,0,0,,,
"Jesus","Tovar","2026-09-17T00:00:00.000Z",,0,0,,,
"Jesus","Tovar","2026-09-16T00:00:00.000Z",,0,0,,,
"Jesus","Tovar","2026-09-15T00:00:00.000Z",,0,0,,,
"Jesus","Tovar","2026-09-14T00:00:00.000Z",,0,0,,,
"Jesus","Tovar","2026-09-09T00:00:00.000Z",,0,0,,,
"Jesus","Tovar","2026-09-08T00:00:00.000Z",,0,0,,,
"Jesus","Tovar","2026-09-07T00:00:00.000Z",,0,0,,,
"Jesus","Tovar","2026-09-06T00:00:00.000Z",,0,0,,,
"Trevyn","Turner","2026-09-29T00:00:00.000Z",1.1829085810448832,13.49076190315342,10.590113431980301,,,
"Trevyn","Turner","2026-09-28T00:00:00.000Z",1.2810623203058358,15.194586719731644,10.590113431980301,16.433375634253025,79,44
"Trevyn","Turner","2026-09-27T00:00:00.000Z",1.1810212863392773,13.783000684633022,10.003207159328408,,,
"Trevyn","Turner","2026-09-26T00:00:00.000Z",1.353011633774517,16.47672863154698,10.003207159328408,45.55043312162161,158,100
"Trevyn","Turner","2026-09-25T00:00:00.000Z",1.10276468592999,11.756442352838347,8.37640597641335,14.616373741067946,91,20
"Trevyn","Turner","2026-09-24T00:00:00.000Z",1.0497539758841423,10.99357318658925,7.854392628518066,10.38588947802782,121,4
"Trevyn","Turner","2026-09-23T00:00:00.000Z",1.145627420462023,12.002572604231277,7.483468004302787,14.640370785724372,95,30
"Trevyn","Turner","2026-09-22T00:00:00.000Z",1.140581586133927,11.699769749435491,6.960597619098345,7.524162363260984,50,1
"Trevyn","Turner","2026-09-21T00:00:00.000Z",1.1664435778420044,12.14219622630238,6.691877534696167,14.029134090058506,83,17
"Trevyn","Turner","2026-09-20T00:00:00.000Z",1.0712661123741654,10.923349984326501,6.190837031479792,8.708489868789911,80,0
"Trevyn","Turner","2026-09-19T00:00:00.000Z",1.1996282736443324,12.343796079144036,5.879819536165867,,,
"Trevyn","Turner","2026-09-18T00:00:00.000Z",1.3319216654730115,14.618723521342812,5.879819536165867,22.263482162263244,114,45
"Trevyn","Turner","2026-09-17T00:00:00.000Z",1.3336215934959557,13.562118558722755,5.084695173227893,14.029134090058506,83,17
"Trevyn","Turner","2026-09-16T00:00:00.000Z",1.4044052739866377,13.864972784271878,4.583654670011518,7.524162363260984,50,1
"Trevyn","Turner","2026-09-15T00:00:00.000Z",1.369161699899926,13.784967401776358,4.314934585609341,22.755329858511686,106,51
"Trevyn","Turner","2026-09-14T00:00:00.000Z",1.2692682165030278,11.315276743368141,3.502244233519637,12.92102031223476,84,19
"Trevyn","Turner","2026-09-13T00:00:00.000Z",1.3422575791188063,10.158422294597969,3.040779222368396,8.708489868789911,80,0
"Trevyn","Turner","2026-09-12T00:00:00.000Z",1.443901479031139,9.537473716529913,2.7297617270544703,,,
"Trevyn","Turner","2026-09-11T00:00:00.000Z",1.5973793115878478,10.17441811950929,2.7297617270544703,24.98561469092965,107,51
"Trevyn","Turner","2026-09-10T00:00:00.000Z",1.7129208126606577,6.994115833596636,1.8374183452355541,17.121863541193306,82,36
"Trevyn","Turner","2026-09-09T00:00:00.000Z",1.890545689334912,4.8070065175804,1.2259232187643647,16.185230061411858,63,63
"Trevyn","Turner","2026-09-08T00:00:00.000Z",2.1666666666666665,2.6203117870208286,0.6478792879996556,18.140620063990355,84,53
"Trevyn","Turner","2026-09-07T00:00:00.000Z",,0,0,,,
"Trevyn","Turner","2026-09-06T00:00:00.000Z",,0,0,,,
"Tyler","Walton","2026-09-29T00:00:00.000Z",1.3777565424742904,3.5185376501422265,2.371401210265632,,,
"Tyler","Walton","2026-09-28T00:00:00.000Z",1.493274132097994,3.9660903342094103,2.371401210265632,5.177371385972947,85,15
"Tyler","Walton","2026-09-27T00:00:00.000Z",1.3638163252005249,3.478973980778311,2.1864950893380266,2.3208613605238497,58,13
"Tyler","Walton","2026-09-26T00:00:00.000Z",1.4585402479269551,3.7351948177066867,2.103607183605032,1.237866104580462,46,2
"Tyler","Walton","2026-09-25T00:00:00.000Z",1.4593263404145758,3.824969628611065,2.059397679870017,0.020795801654458046,1,0
"Tyler","Walton","2026-09-24T00:00:00.000Z",1.5973751220304313,4.384592317578955,2.058654972668072,11.384541616309434,128,78
"Tyler","Walton","2026-09-23T00:00:00.000Z",1.3610525265057796,3.147964615955587,1.6520642006570219,3.5991233717650175,69,29
"Tyler","Walton","2026-09-22T00:00:00.000Z",1.4498725826781997,3.2552443265048265,1.5235240802368415,3.4087363653816283,74,23
"Tyler","Walton","2026-09-21T00:00:00.000Z",1.4321545988599078,3.122887724533211,1.4017834957589261,7.246199900750071,144,60
"Tyler","Walton","2026-09-20T00:00:00.000Z",1.1930020430622477,2.245913223315599,1.1429906421607094,2.069017090834677,51,18
"Tyler","Walton","2026-09-19T00:00:00.000Z",1.1756305922652446,2.199510853050742,1.0690971746308995,,,
"Tyler","Walton","2026-09-18T00:00:00.000Z",1.4297405158000758,2.853258885674747,1.0690971746308995,4.500908974558115,53,31
"Tyler","Walton","2026-09-17T00:00:00.000Z",1.42861721016003,2.5953701015639425,0.9083504255395383,,,
"Tyler","Walton","2026-09-16T00:00:00.000Z",1.4808768742586702,2.8972572222558988,0.9083504255395383,3.7828559912741184,81,28
"Tyler","Walton","2026-09-15T00:00:00.000Z",1.402951074374618,2.531269322881579,0.7732484258511769,2.6067737992852926,61,20
"Tyler","Walton","2026-09-14T00:00:00.000Z",1.336250890402621,2.3134368473560443,0.6801493615909878,5.5332726701162755,98,52
"Tyler","Walton","2026-09-13T00:00:00.000Z",1.3545530940677684,1.6267772626817327,0.4825324805154066,1.8710296074859798,34,21
"Tyler","Walton","2026-09-12T00:00:00.000Z",1.4449686559659698,1.4535164292138587,0.41570999453376445,,,
"Tyler","Walton","2026-09-11T00:00:00.000Z",1.5984860135943388,1.5505154279384037,0.41570999453376445,1.285696867853403,40,14
"Tyler","Walton","2026-09-10T00:00:00.000Z",1.7658288773006325,1.4510885162964564,0.3697922492532858,6.307417071890086,81,66
"Tyler","Walton","2026-09-09T00:00:00.000Z",1.913995773907326,0.5737402106945714,0.14452735382863985,2.7516487990505993,77,0
"Tyler","Walton","2026-09-08T00:00:00.000Z",2.1666666666666665,0.18707247117741238,0.046254182433975596,1.2951171081513166,55,0
"Tyler","Walton","2026-09-07T00:00:00.000Z",,0,0,,,
"Tyler","Walton","2026-09-06T00:00:00.000Z",,0,0,,,
"Easton","Webb","2026-09-29T00:00:00.000Z",,0,0,,,
"Easton","Webb","2026-09-28T00:00:00.000Z",,0,0,,,
"Easton","Webb","2026-09-25T00:00:00.000Z",,0,0,,,
"Easton","Webb","2026-09-24T00:00:00.000Z",,0,0,,,
"Easton","Webb","2026-09-23T00:00:00.000Z",,0,0,,,
"Easton","Webb","2026-09-22T00:00:00.000Z",,0,0,,,
"Easton","Webb","2026-09-21T00:00:00.000Z",,0,0,,,
"Easton","Webb","2026-09-18T00:00:00.000Z",,0,0,,,
"Easton","Webb","2026-09-17T00:00:00.000Z",,0,0,,,
"Easton","Webb","2026-09-16T00:00:00.000Z",,0,0,,,
"Easton","Webb","2026-09-15T00:00:00.000Z",,0,0,,,
"Easton","Webb","2026-09-14T00:00:00.000Z",,0,0,,,
"Easton","Webb","2026-09-09T00:00:00.000Z",,0,0,,,
"Easton","Webb","2026-09-08T00:00:00.000Z",,0,0,,,
"Easton","Webb","2026-09-07T00:00:00.000Z",,0,0,,,
"Miles","Williams","2026-09-29T00:00:00.000Z",1.24209809928719,5.9995932758190715,4.485193965091762,,,
"Miles","Williams","2026-09-28T00:00:00.000Z",1.3948605403222065,7.006966486909531,4.485193965091762,9.424381916876882,85,50
"Miles","Williams","2026-09-27T00:00:00.000Z",1.2596399340457427,6.096712343090786,4.1486088966318775,4.569895640946925,80,13
"Miles","Williams","2026-09-26T00:00:00.000Z",1.240361031752998,6.017970358523438,3.98539833802663,3.481690412387252,60,9
"Miles","Williams","2026-09-25T00:00:00.000Z",1.4164144445926672,6.960354775659895,3.8610522518699426,,,
"Miles","Williams","2026-09-24T00:00:00.000Z",1.5994940935949644,8.23430702923668,3.8610522518699426,19.648883308749646,136,88
"Miles","Williams","2026-09-23T00:00:00.000Z",1.3945217956176872,6.168010325271946,3.1593064194146,8.242417816072702,84,37
"Miles","Williams","2026-09-22T00:00:00.000Z",1.4075219992755241,5.94256987655018,2.8649343545548627,4.804529098793864,90,9
"Miles","Williams","2026-09-21T00:00:00.000Z",1.3529633096130707,5.668437681217781,2.693344029597938,6.497845997102559,97,27
"Miles","Williams","2026-09-20T00:00:00.000Z",1.2569635397444334,5.095566550598273,2.4612781011299893,6.880193693563342,86,38
"Miles","Williams","2026-09-19T00:00:00.000Z",1.166279179360274,4.521926291012722,2.2155568977884417,,,
"Miles","Williams","2026-09-18T00:00:00.000Z",1.4294502469835186,5.911786262199489,2.2155568977884417,2.1650277823209763,37,8
"Miles","Williams","2026-09-17T00:00:00.000Z",1.496899247517058,6.401443159246506,2.138234476991264,13.41391423298046,115,62
"Miles","Williams","2026-09-16T00:00:00.000Z",1.4524226313191606,5.190360882001308,1.6591661115276761,9.77372769638896,77,46
"Miles","Williams","2026-09-15T00:00:00.000Z",1.336084759382242,4.084291243298342,1.3101044080852131,4.376505345571786,88,18
"Miles","Williams","2026-09-14T00:00:00.000Z",1.2670808789618764,3.721349510722535,1.1538006457433636,7.275426191277802,95,44
"Miles","Williams","2026-09-13T00:00:00.000Z",1.293966698059045,2.8790462155063223,0.8939639960548708,,,
"Miles","Williams","2026-09-12T00:00:00.000Z",1.4273657465750176,3.0876378145857917,0.8939639960548708,,,
"Miles","Williams","2026-09-11T00:00:00.000Z",1.5802311445963146,3.296229413665262,0.8939639960548708,1.437349102459848,44,3
"Miles","Williams","2026-09-10T00:00:00.000Z",1.7544492010797916,3.2852260109800326,0.8426300995384476,13.750847806222737,92,59
"Miles","Williams","2026-09-09T00:00:00.000Z",1.8941481964937708,1.3810157304771968,0.35152839217334986,4.956236303318292,87,1
"Miles","Williams","2026-09-08T00:00:00.000Z",2.1666666666666665,0.7058362534217949,0.17451995276912516,4.886558677535504,66,2
"Miles","Williams","2026-09-07T00:00:00.000Z",,0,0,,,
"Miles","Williams","2026-09-06T00:00:00.000Z",,0,0,,,
"Cole","Wisenbaker","2026-09-29T00:00:00.000Z",1.0313280311859856,12.041668202054762,10.841893855931373,,,
"Cole","Wisenbaker","2026-09-28T00:00:00.000Z",1.1204860065517448,13.605973192101295,10.841893855931373,20.201533284038305,56,47
"Cole","Wisenbaker","2026-09-27T00:00:00.000Z",0.980026567481817,11.571316385642994,10.12041052435858,,,
"Cole","Wisenbaker","2026-09-26T00:00:00.000Z",1.0714401600489247,13.200678244149055,10.12041052435858,,,
"Cole","Wisenbaker","2026-09-25T00:00:00.000Z",1.3215351219096176,17.0220628531973,10.12041052435858,11.413701057434082,43,0
"Cole","Wisenbaker","2026-09-24T00:00:00.000Z",1.3520102094578579,17.509033977242897,9.71277834373594,36.747148011345416,109,76
"Cole","Wisenbaker","2026-09-23T00:00:00.000Z",1.1688578973586345,13.746391033394152,8.400380200473604,15.657995943911374,60,23
"Cole","Wisenbaker","2026-09-22T00:00:00.000Z",1.2565066256450022,14.51943994670808,7.8411660596196215,7.38167664478533,38,7
"Cole","Wisenbaker","2026-09-21T00:00:00.000Z",1.2807440274046729,15.096483693880465,7.5775347508772875,27.41889517940581,92,45
"Cole","Wisenbaker","2026-09-20T00:00:00.000Z",1.1076933084497296,12.038155314780315,6.598288494469938,7.38167664478533,38,7
"Cole","Wisenbaker","2026-09-19T00:00:00.000Z",1.132869718141862,12.558597275910966,6.334657185727604,,,
"Cole","Wisenbaker","2026-09-18T00:00:00.000Z",1.3816260260204565,16.33730416960835,6.334657185727604,9.59167816489935,38,18
"Cole","Wisenbaker","2026-09-17T00:00:00.000Z",1.4235384934112805,17.059962186884743,5.99209725126691,36.747148011345416,109,76
"Cole","Wisenbaker","2026-09-16T00:00:00.000Z",1.396875875350011,14.079603543101497,4.679699108004572,12.358692994341254,48,32
"Cole","Wisenbaker","2026-09-15T00:00:00.000Z",1.3431947844383054,13.283399683055983,4.238317215349524,7.38167664478533,38,7
"Cole","Wisenbaker","2026-09-14T00:00:00.000Z",1.2992080177234804,13.144584212573115,3.97468590660719,27.41889517940581,92,45
"Cole","Wisenbaker","2026-09-13T00:00:00.000Z",1.3256329357584582,9.883013049483344,2.9954396501998386,7.38167664478533,38,7
"Cole","Wisenbaker","2026-09-12T00:00:00.000Z",1.4302210839764464,9.454192813798882,2.731808341457506,,,
"Cole","Wisenbaker","2026-09-11T00:00:00.000Z",1.583192235234836,10.091614760138985,2.731808341457506,9.59167816489935,38,18
"Cole","Wisenbaker","2026-09-10T00:00:00.000Z",1.744748947774145,9.263641431286105,2.3892484069968165,36.747148011345416,109,76
"Cole","Wisenbaker","2026-09-09T00:00:00.000Z",1.8836117618632406,4.2069851134075895,1.0768502637344814,12.358692994341254,48,32
"Cole","Wisenbaker","2026-09-08T00:00:00.000Z",2.166666666666666,2.5701165230323864,0.6354683710794364,17.79311439022422,62,48
"Cole","Wisenbaker","2026-09-07T00:00:00.000Z",,0,0,,,
"Cole","Wisenbaker","2026-09-06T00:00:00.000Z",,0,0,,,
