program_name,player_name,class,bats,throws,position_raw,position_buckets
Alvin College,Aaron Brashear,RS FR,,R,RHP,
Alvin College,Aiden Fiala,FR,,R,RHP,
Alvin College,Asa Sampson,FR,,R,OF/RHP,Outfield
Alvin College,Braeden Harris,SO,,R,RHP,
Alvin College,Chase Lovick,RS SO,,,OF,Outfield
Alvin College,Cole Fenton,FR,,R,RHP,
Alvin College,Dylan Marbury,RS FR,,,OF,Outfield
Alvin College,Ely Yahil Torres Cruz,FR,,,OF,Outfield
Alvin College,Ethan Smith,FR,,R,RHP,
Alvin College,Ethan Tyler,FR,,R,RHP,
Alvin College,Francisco Leija,RS SO,,R,RHP,
Alvin College,Hudson Depriest,FR,,,INF,Infield
Alvin College,Hunter Henry,FR,,,OF/INF,Outfield|Infield
Alvin College,Ivan Marron,FR,,,IF,Infield
Alvin College,Jackson Castillo,FR,,,C,Catcher
Alvin College,James Dorotik,FR,,,INF,Infield
Alvin College,James Rheaume,RS FR,,R,RHP,
Alvin College,Jayce Richardson,FR,,,2B,Infield|MIF
Alvin College,John Moya,SO,,,OF,Outfield
Alvin College,Jordan Lowery,FR,,R,RHP,
Alvin College,Josiah Bradford-Jackson,RS SO,,R,RHP,
Alvin College,Justan Autry,RS SO,,R,RHP,
Alvin College,Justin Garcia Hernandez,FR,,,OF,Outfield
Alvin College,Kapono Sullivan,FR,,R,RHP,
Alvin College,Nayden Ramirez,SO,,,C,Catcher
Alvin College,Parker Kotlarz,RS FR,,L,LHP,
Alvin College,Paul Acosta,RS SO,,,OF,Outfield
Alvin College,Peyton Miller,RS FR,,L,LHP,
Alvin College,Ronnie Rouse,FR,,,1B,Infield|Corner Infield
Alvin College,Sam Taylor,FR,,,INF,Infield
Alvin College,Seve Martinez,RS SO,,L,LHP,
Alvin College,Shane Jessen,SO,,R,RHP,
Amarillo College,Alexander Villalobos,RS FR,,,OF,Outfield
Amarillo College,April,,,,,
Amarillo College,Axel Chasak,FR,,,,
Amarillo College,Brooks Carter,RS SO,,,C/INF,Infield|Catcher
Amarillo College,Carter Williams,FR,,R,RHP/OF,Outfield
Amarillo College,Cole Giametta,RS FR,,,IF,Infield
Amarillo College,Colton McClure,FR,,,IF,Infield
Amarillo College,Dylan Ray,FR,,,OF,Outfield
Amarillo College,Dylan Steele,RS SO,,,C/IF,Infield|Catcher
Amarillo College,February,,,,,
Amarillo College,Gabe Compton,FR,,,C,Catcher
Amarillo College,Isaac Dunning,FR,,R,IF/RHP,Infield
Amarillo College,Jake Scheiden,FR,,,C/IF,Infield|Catcher
Amarillo College,Jatniel McCloud,FR,,,OF,Outfield
Amarillo College,Jaxson Lindsey,RS FR,,,OF,Outfield
Amarillo College,Jaykenn Marrero,RS FR,,,OF,Outfield
Amarillo College,John Shannon,FR,,,OF,Outfield
Amarillo College,Losses,,,,,
Amarillo College,Luis Gonzalez,RS SO,,,C/IF,Infield|Catcher
Amarillo College,March,,,,,
Amarillo College,Matthew Tellez,SO,,,IF,Infield
Amarillo College,May,,,,,
Amarillo College,Rowin Donaldson,FR,,R,IF/RHP,Infield
Amarillo College,Tristan Ciechanowicz,FR,,,IF,Infield
Amarillo College,Will Jamison,FR,,,IF,Infield
Amarillo College,Wins,,,,,
Angelina College,Aaron Martinez,SO,,R,RHP,
Angelina College,Austin Gaskins,SO,,R,RHP,
Angelina College,Avery Baber,SO,,L,LHP,
Angelina College,Ayden Mooring,FR,,R,RHP,
Angelina College,Brayden Pate,FR,,,IF,Infield
Angelina College,Cannon Faulk,FR,,L,LHP,
Angelina College,Cohen Babineaux,RS FR,,,IF,Infield
Angelina College,Cole Standley,SO,,L,OF/LHP,Outfield
Angelina College,Colton Haas,FR,,,C,Catcher
Angelina College,Connor Ficarra,SO,,,OF,Outfield
Angelina College,Daigan Venable,FR,,,IF,Infield
Angelina College,Damon Anthony,SO,,L,LHP,
Angelina College,David Wilson,SO,,L,OF/LHP,Outfield
Angelina College,Dawson Byars,RS SO,,R,RHP,
Angelina College,Ethan Muniz,RS FR,,R,RHP,
Angelina College,Garrett Burks,FR,,R,RHP,
Angelina College,Gavin Brawner,FR,,R,RHP,
Angelina College,Gavin Harmse,FR,,,C/OF,Outfield|Catcher
Angelina College,Harrison Hankins,SO,,,P,
Angelina College,Jackson Pullen,FR,,,IF,Infield
Angelina College,Jackson Todd,SO,,,UTL,
Angelina College,"Jon ""Diesel"" Gonzalez",SO,,,IF,Infield
Angelina College,Jorge Arcia-Palma,FR,,,C,Catcher
Angelina College,Kai Daniells,FR,,L,LHP,
Angelina College,Kingston Besuijen,FR,,R,RHP,
Angelina College,Koby Chesterton,SO,,R,RHP,
Angelina College,Landon Richards,FR,,R,RHP,
Angelina College,Luke Hamm,FR,,,IF,Infield
Angelina College,Marco Bandiero,FR,,L,1B/LHP,Infield|Corner Infield
Angelina College,Seth Sloan,SO,,,IF,Infield
Angelina College,Stefano Ramos,SO,,,OF,Outfield
Angelina College,Trenton Pemberton,FR,,,OF,Outfield
Angelina College,Trey Nott,RS FR,,R,RHP,
Angelina College,Will McKinzie,FR,,,IF,Infield
Angelina College,"William ""Billy"" Theroux",SO,,R,INF/RHP,Infield
Blinn College,AJ DePaolo,FR,,,C,Catcher
Blinn College,Austin Glasscock,FR,,,1B,Infield|Corner Infield
Blinn College,Ben Polleschultz,SO,,,SP,
Blinn College,Benji Barrera,SO,,,LF,Outfield
Blinn College,Bo Collingwood,FR,,,RP,
Blinn College,Brady Sullivan,SO,,,CF,Outfield
Blinn College,Braxton Wakefield,FR,,,OF,Outfield
Blinn College,Brody Mattox,FR,,,3B,Infield|Corner Infield
Blinn College,Bryce Robinson,FR,,,RP,
Blinn College,Caden Baker,,,,CF,Outfield
Blinn College,Carson Cherry,FR,,,LF,Outfield
Blinn College,Corby Wagoner,FR,,,RP,
Blinn College,Dane Perry,FR,,,C,Catcher
Blinn College,Drew Britton,SO,,,1B,Infield|Corner Infield
Blinn College,Drew Garcia,FR,,,C,Catcher
Blinn College,Dylan Thompson,SO,,,SP,
Blinn College,Hayden Morris,SO,,,SP,
Blinn College,Hudson Melaerts,SO,,,RP,
Blinn College,Hunter Smolinski,SO,,,2B,Infield|MIF
Blinn College,Jack Garza,SO,,,SP,
Blinn College,Jacob Bohacek,SO,,,SS,Infield|MIF
Blinn College,"John ""Jack"" Buerkle",FR,,,RF,Outfield
Blinn College,Kason Atkins,SO,,,CF,Outfield
Blinn College,Landon Bowden,SO,,,RP,
Blinn College,Luke Ekdall,SO,,,SP,
Blinn College,Marc Barnhard,FR,,,RP,
Blinn College,Matt Taylor,SO,,,RP,
Blinn College,Reece Lunsford,SO,,,CF,Outfield
Blinn College,Ryley Leininger,FR,,,3B/RP,Infield|Corner Infield
Blinn College,Travis Minard,FR,,,SP,
Blinn College,Trevor Moore,FR,,,RP,
Blinn College,Tucker Tittle,FR,,,RP,
Blinn College,Zachary Tuxhorn,FR,,,C,Catcher
Bossier Parish Community College,Aiden Domingue,SO,,,P,
Bossier Parish Community College,Ben McKinnon,SO,,,P,
Bossier Parish Community College,Brandon Levy,SO,,,P/INF,Infield
Bossier Parish Community College,Braylin Harris,FR,,,OF,Outfield
Bossier Parish Community College,Brody Bower,SO,,,P,
Bossier Parish Community College,Bryson Pierce,FR,,,INF/P,Infield
Bossier Parish Community College,Cameron Stutes,FR,,,OF,Outfield
Bossier Parish Community College,Chase Randall,SO,,,P,
Bossier Parish Community College,Cole Partrick,SO,,,P,
Bossier Parish Community College,Collin Harris,FR,,,OF/INF,Outfield|Infield
Bossier Parish Community College,Cord Copley,SO,,,P,
Bossier Parish Community College,Gabe Guidry,SO,,,C,Catcher
Bossier Parish Community College,Gianluca Montanaro,SO,,,C,Catcher
Bossier Parish Community College,Haden Peshoff,FR,,,INF,Infield
Bossier Parish Community College,Hayden Cimorelli,FR,,,P,
Bossier Parish Community College,Hayden LeBleu,FR,,,C,Catcher
Bossier Parish Community College,Hudson Legrow,FR,,,P,
Bossier Parish Community College,Jace Duhon,FR,,,P,
Bossier Parish Community College,Jackson Reifel,SO,,,P,
Bossier Parish Community College,Jacob Poletto,SO,,,OF,Outfield
Bossier Parish Community College,James Reina,SO,,,INF/C,Infield|Catcher
Bossier Parish Community College,Judson Funderburk,FR,,,P,
Bossier Parish Community College,Kash Martin,FR,,,INF,Infield
Bossier Parish Community College,Mason Sanders,SO,,,OF,Outfield
Bossier Parish Community College,Riley Kwak,FR,,,INF,Infield
Bossier Parish Community College,Tanner Trout,FR,,,OF,Outfield
Bossier Parish Community College,Trent Lape,SO,,,P,
Bossier Parish Community College,Truitt Anthony,SO,,,P,
Bossier Parish Community College,Zach Bretza,FR,,,UTL,
Bossier Parish Community College,Zeke Wall,FR,,,P,
Central Arizona College,Adam Beamin,RS SO,R,R,RHP,
Central Arizona College,Allin Yap,FR,R,L,LHP,
Central Arizona College,Brett Rozman,RS SO,R,R,C/UTL,Catcher
Central Arizona College,Brock Johnson,SO,R,R,RHP,
Central Arizona College,Brody Jacobs,SO,R,R,RHP,
Central Arizona College,Cannon Albright,SO,R,R,INF,Infield
Central Arizona College,Chris Parkin,SO,R,R,UTL,
Central Arizona College,Christian Gross,RS FR,R,R,RHP,
Central Arizona College,Cody Croxford,FR,L,L,OF,Outfield
Central Arizona College,Dallas Hairston,FR,R,R,UTL,
Central Arizona College,David Zazueta,RS FR,L,L,LHP,
Central Arizona College,Dylan Hunsaker,FR,L,L,LHP,
Central Arizona College,Eltorna Gant,FR,R,R,IF,Infield
Central Arizona College,Emiliano Candela,FR,R,R,C,Catcher
Central Arizona College,Gage Thompson,FR,R,R,IF,Infield
Central Arizona College,Gerardo Gonzalez,SO,R,R,RHP,
Central Arizona College,Grant Haas,RS SO,R,R,INF,Infield
Central Arizona College,Ian Haines,SO,R,R,C/INF,Infield|Catcher
Central Arizona College,Isaiah Nolan,RS FR,R,R,INF,Infield
Central Arizona College,Isreal Gonzales,FR,R,R,RHP,
Central Arizona College,Jacob Croxford,SO,R,R,OF,Outfield
Central Arizona College,Jaylen Payne,FR,R,R,OF,Outfield
Central Arizona College,Jerome Pare,RS FR,R,R,RHP,
Central Arizona College,Joshua Haddox,FR,R,R,C,Catcher
Central Arizona College,Kamden Lanphere,FR,R,R,IF,Infield
Central Arizona College,Kayle Pisano,RS FR,L,L,INF,Infield
Central Arizona College,Logan Gutterman,FR,L,L,LHP,
Central Arizona College,Luke Klooster,RS FR,R,R,C,Catcher
Central Arizona College,Marcus Metz,SO,L,L,LHP,
Central Arizona College,Michael Orbegozo,FR,R,R,RHP,
Central Arizona College,Myles Harrison,SO,R,R,RHP,
Central Arizona College,Nic Bertucci,RS SO,R,R,RHP/OF,Outfield
Central Arizona College,Nic Gibson,RS SO,L,L,LHP,
Central Arizona College,Nolan Weinmeyer,FR,R,R,IF,Infield
Central Arizona College,Tenochtli Nepan Ollin,FR,R,R,RHP,
Central Arizona College,Treyden Chong Kee,FR,R,R,IF,Infield
Central Arizona College,Ty Silva,RS SO,R,R,OF,Outfield
Central Arizona College,Ty Thompson,SO,R,R,RHP,
Central Arizona College,Wyatt Schottel,RS FR,L,L,LHP,
Cisco College,Alejandro Islas,SO,,,,
Cisco College,April,,,,,
Cisco College,Austin Owens,FR,,,,
Cisco College,Blaine Lucas,SO,,,IF,Infield
Cisco College,Dae Palomo,SO,,,,
Cisco College,February,,,,,
Cisco College,Gage Kooyers,SO,,,,
Cisco College,Hayden Tanksley,FR,,,,
Cisco College,Ian Melendez,FR,,,,
Cisco College,Isaac Hertzog,SO,,,,
Cisco College,January,,,,,
Cisco College,Jax Legrand,FR,,,,
Cisco College,Jonathan Moye,FR,,,,
Cisco College,Lando Belcher,SO,,,,
Cisco College,Logan Posey,SO,,,,
Cisco College,Losses,,,,,
Cisco College,Major Pellien,SO,,,,
Cisco College,March,,,,,
Cisco College,May,,,,,
Cisco College,Rene Vela,SO,,,,
Cisco College,Tanner Wagner,FR,,,,
Cisco College,Tori Martin-Rodriguez,SO,,,,
Cisco College,Willie Cornejo-Farmer,SO,,,,
Cisco College,Wins,,,,,
Cisco College,Xander Forsell,SO,,,,
Coastal Bend College,Aiden Garcia,FR,,R,RHP,
Coastal Bend College,Aiden Schmidt,FR,,,INF,Infield
Coastal Bend College,Andy Garcia,SO,,,INF,Infield
Coastal Bend College,Austin Rawls,RS FR,,,C,Catcher
Coastal Bend College,Caleb Deleon,FR,,,,
Coastal Bend College,Chase Beasley,FR,,L,LHP,
Coastal Bend College,Eliezer Paulino,FR,,R,RHP,
Coastal Bend College,Fredy Romero,SO,,,INF,Infield
Coastal Bend College,Isaac Yruretagoyena,FR,,,OF,Outfield
Coastal Bend College,Jace Moody,FR,,,INF,Infield
Coastal Bend College,Jackson Rainey,RS FR,,,OF,Outfield
Coastal Bend College,Jackson Rodriguez,FR,,L,LHP,
Coastal Bend College,Jaden Deshautelle,SO,,,OF,Outfield
Coastal Bend College,Jaime Montemayor,RS SO,,R,RHP,
Coastal Bend College,Jalen Arriaga,FR,,R,RHP,
Coastal Bend College,James Stoeckel,FR,,,OF,Outfield
Coastal Bend College,Jarod Rivera,RS FR,,R,RHP,
Coastal Bend College,Jaxon Miller,RS FR,,,OF,Outfield
Coastal Bend College,Jayden Paul,RS FR,,,OF,Outfield
Coastal Bend College,Jaykub Reyes,SO,,R,RHP,
Coastal Bend College,Jeshua Naut,SO,,,,
Coastal Bend College,Juan Pablo Diaz,FR,,R,OF/RHP,Outfield
Coastal Bend College,Juan Palacios,RS FR,,R,RHP,
Coastal Bend College,Leonel Berrones,SO,,R,RHP,
Coastal Bend College,Lucas Wilson,FR,,,INF,Infield
Coastal Bend College,Luis Fraguada,FR,,L,LHP,
Coastal Bend College,Luke Jamieson,RS FR,,R,RHP,
Coastal Bend College,Matthew Fletcher,FR,,L,LHP/1B,Infield|Corner Infield
Coastal Bend College,Matthew Mendez,SO,,,C,Catcher
Coastal Bend College,Thomas Kropp,RS FR,,,1B,Infield|Corner Infield
Coastal Bend College,Trey Baumann,SO,,,OF,Outfield
Coastal Bend College,Yandel Gonzalez,FR,,R,RHP,
Connors State College,Anderson Fenwick,FR,,,C/OF,Outfield|Catcher
Connors State College,Brooks Hasenclever,SO,,,INF/OF,Outfield|Infield
Connors State College,Cale Parr,SO,,,INF,Infield
Connors State College,Chandler Wood,FR,,,OF,Outfield
Connors State College,Christian Suarez,SO,,,INF,Infield
Connors State College,Darren Ledford,FR,,,INF/C,Infield|Catcher
Connors State College,Jordan Gallo,FR,,,INF,Infield
Connors State College,Ken Paschall,FR,,,INF,Infield
Connors State College,Keshav Tebeck,SO,,,IF,Infield
Connors State College,Landon Holzhauer,FR,,,C,Catcher
Connors State College,Logan Hedrick,SO,,,OF,Outfield
Connors State College,Luke Beeler,FR,,,INF,Infield
Connors State College,Maddox Edwards,SO,,,INF,Infield
Connors State College,Marc Nellis,SO,,,OF,Outfield
Connors State College,Nash Jeffus,FR,,,OF,Outfield
Connors State College,Phil Albergo,FR,,,C,Catcher
Connors State College,Seojin KIm,FR,,,INF,Infield
Cowley County Community College,April,,,,,
Cowley County Community College,Cameron Mock,SO,,R,RHP,
Cowley County Community College,Carter Rose,FR,,L,LHP,
Cowley County Community College,Chance Acord,SO,,R,RHP,
Cowley County Community College,Creed Muirhead,SO,,,C,Catcher
Cowley County Community College,Dax McCaskill,SO,,,OF,Outfield
Cowley County Community College,Drake Fittro,SO,,,OF,Outfield
Cowley County Community College,Drew Becker,FR,,,C,Catcher
Cowley County Community College,Easton Green,FR,,,OF,Outfield
Cowley County Community College,Evan Fleet,FR,,L,LHP,
Cowley County Community College,February,,,,,
Cowley County Community College,Grady Hoke,FR,,R,RHP,
Cowley County Community College,Holden Groebl,FR,,,C,Catcher
Cowley County Community College,Hudsen Periman,FR,,R,RHP,
Cowley County Community College,Hudson Roberts,FR,,R,RHP/OF,Outfield
Cowley County Community College,Isaac King,FR,,,IF,Infield
Cowley County Community College,Isaac Worden,FR,,L,LHP,
Cowley County Community College,Jace Patton,SO,,R,RHP/INF,Infield
Cowley County Community College,Jack Hamm,SO,,R,RHP,
Cowley County Community College,Jake Hobbs,FR,,L,LHP,
Cowley County Community College,Josiah Sems,FR,,,INF,Infield
Cowley County Community College,Keaton Humphrey,FR,,R,RHP,
Cowley County Community College,Keegan Robertson,SO,,L,LHP,
Cowley County Community College,Landon Sterling,FR,,L,LHP,
Cowley County Community College,Logan Renken,FR,,,INF,Infield
Cowley County Community College,Logan Smith,SO,,,3B,Infield|Corner Infield
Cowley County Community College,Losses,,,,,
Cowley County Community College,Lucas Weaver,SO,,R,RHP,
Cowley County Community College,March,,,,,
Cowley County Community College,May,,,,,
Cowley County Community College,Peyton Gosch,FR,,R,RHP,
Cowley County Community College,Quinn Groebl,SO,,,1B,Infield|Corner Infield
Cowley County Community College,Riley Lile,FR,,R,RHP,
Cowley County Community College,Skyler Branam,FR,,,OF,Outfield
Cowley County Community College,Stetson Etheridge,FR,,R,RHP,
Cowley County Community College,Weston Thomas,SO,,,OF,Outfield
Cowley County Community College,Wins,,,,,
Dallas College Brookhaven,AJ Garcia,FR,,,C,Catcher
Dallas College Brookhaven,Abraham Fortis,SO,,,INF,Infield
Dallas College Brookhaven,Aidan Corey,SO,,,INF,Infield
Dallas College Brookhaven,Alex Cantrill,FR,,,C,Catcher
Dallas College Brookhaven,April,,,,,
Dallas College Brookhaven,Bradley Boedeker,SO,,,UTL,
Dallas College Brookhaven,Brady Breedlove,SO,,,IF,Infield
Dallas College Brookhaven,Brett Petillo,SO,,,C,Catcher
Dallas College Brookhaven,Carlos Cardozo,FR,,,1B,Infield|Corner Infield
Dallas College Brookhaven,Cliff Gammel,SO,,,IF,Infield
Dallas College Brookhaven,Connor Thompson,FR,,,OF,Outfield
Dallas College Brookhaven,Fabian Diaz,FR,,,IF,Infield
Dallas College Brookhaven,February,,,,,
Dallas College Brookhaven,Gavin Hickey,FR,,,C,Catcher
Dallas College Brookhaven,Isaac Coleman,FR,,,IF,Infield
Dallas College Brookhaven,Javier Godines,FR,,,IF,Infield
Dallas College Brookhaven,Jorge Sanchez,FR,,,OF,Outfield
Dallas College Brookhaven,Losses,,,,,
Dallas College Brookhaven,Luis Fuenmayor,SO,,,C,Catcher
Dallas College Brookhaven,March,,,,,
Dallas College Brookhaven,May,,,,,
Dallas College Brookhaven,Nash Nichols,SO,,,OF,Outfield
Dallas College Brookhaven,Nikolas Smith,FR,,,1B,Infield|Corner Infield
Dallas College Brookhaven,Payton Stephenson,SO,,,OF,Outfield
Dallas College Brookhaven,Tanner Sliva,SO,,,OF,Outfield
Dallas College Brookhaven,Wins,,,,,
Dallas College Brookhaven,Xander Zumwalt,FR,,,OF,Outfield
Dallas College Cedar Valley,Anthony Fuentes,FR,,,INF,Infield
Dallas College Cedar Valley,April,,,,,
Dallas College Cedar Valley,Brance Farrell,FR,,,C,Catcher
Dallas College Cedar Valley,Carson Daniels,SO,,,INF,Infield
Dallas College Cedar Valley,Easton Bettcher,FR,,,INF,Infield
Dallas College Cedar Valley,Elandis Taylor,SO,,,C,Catcher
Dallas College Cedar Valley,February,,,,,
Dallas College Cedar Valley,Gavin Garcia,FR,,R,RHP,
Dallas College Cedar Valley,Harrison Hickey,FR,,,INF,Infield
Dallas College Cedar Valley,Hill Wiley,FR,,,INF,Infield
Dallas College Cedar Valley,Hudson Davis,FR,,,C,Catcher
Dallas College Cedar Valley,Jacob Milam,FR,,,OF,Outfield
Dallas College Cedar Valley,Joshawa Esquivel,SO,,,OF,Outfield
Dallas College Cedar Valley,Julio Cuotto,SO,,,INF,Infield
Dallas College Cedar Valley,Kai Kirchheiner,FR,,,OF,Outfield
Dallas College Cedar Valley,Kane Whitney,FR,,,OF,Outfield
Dallas College Cedar Valley,Losses,,,,,
Dallas College Cedar Valley,Luke Lindner,SO,,,INF,Infield
Dallas College Cedar Valley,March,,,,,
Dallas College Cedar Valley,May,,,,,
Dallas College Cedar Valley,Rendon Garcia,SO,,L,OF/LHP,Outfield
Dallas College Cedar Valley,Wins,,,,,
Dallas College Eastfield,Angel Gutierrez,SO,,,INF,Infield
Dallas College Eastfield,Billy Spratt,SO,,,C,Catcher
Dallas College Eastfield,Colin Carrejo,SO,,,P,
Dallas College Eastfield,Erik Aguirre,SO,,,OF,Outfield
Dallas College Eastfield,Grayson Youngblood,FR,,,OF,Outfield
Dallas College Eastfield,Jacob Sivak,FR,,,UTL,
Dallas College Eastfield,Jake Pickering,FR,,,C,Catcher
Dallas College Eastfield,Jayden Boyd,SO,,,INF,Infield
Dallas College Eastfield,Keydren Majors,FR,,,UTL,
Dallas College Eastfield,Luke Sasser,SO,,,OF,Outfield
Dallas College Eastfield,Sebastian Palma,SO,,,INF,Infield
Dallas College Eastfield,Sebastian Vasquez,FR,,,INF,Infield
Dallas College Eastfield,Sergio Gastelum,SO,,,INF,Infield
Dallas College Mountain View,April,,,,,
Dallas College Mountain View,February,,,,,
Dallas College Mountain View,Losses,,,,,
Dallas College Mountain View,March,,,,,
Dallas College Mountain View,May,,,,,
Dallas College Mountain View,Wins,,,,,
Dallas College North Lake,Aidan Huante,SO,,,C,Catcher
Dallas College North Lake,April,,,,,
Dallas College North Lake,Ayden Austin,FR,,,OF,Outfield
Dallas College North Lake,Bear Herak,FR,,,INF,Infield
Dallas College North Lake,Brayden McCallum,FR,,,INF/OF,Outfield|Infield
Dallas College North Lake,Carson Pruett,FR,,,C,Catcher
Dallas College North Lake,Carson Shumate,FR,,R,RHP,
Dallas College North Lake,Cyler Moore,SO,,L,OF/LHP,Outfield
Dallas College North Lake,February,,,,,
Dallas College North Lake,Issac Garcia,SO,,,OF,Outfield
Dallas College North Lake,Ivan Rodriguez,FR,,,INF,Infield
Dallas College North Lake,Jackson Franks,SO,,,OF,Outfield
Dallas College North Lake,Jaden Love,FR,,R,1B/RHP,Infield|Corner Infield
Dallas College North Lake,Jesse Orozco,FR,,,INF,Infield
Dallas College North Lake,Losses,,,,,
Dallas College North Lake,March,,,,,
Dallas College North Lake,May,,,,,
Dallas College North Lake,Oran Abel,SO,,,C/1B,Infield|Corner Infield|Catcher
Dallas College North Lake,Ruben Sosa,FR,,,INF,Infield
Dallas College North Lake,Salvador De La Garza,SO,,,INF,Infield
Dallas College North Lake,Ty Diaz,SO,,,OF,Outfield
Dallas College North Lake,Wins,,,,,
Dallas College Richland,Barrett Howard,SO,,,OF,Outfield
Dallas College Richland,Bear Wilkins,SO,,,,
Dallas College Richland,Brandon Bell,FR,,,,
Dallas College Richland,Brett Holmes,FR,,,IF,Infield
Dallas College Richland,Caleb Solis,SO,,,C,Catcher
Dallas College Richland,Caleb Turner,FR,,,OF,Outfield
Dallas College Richland,Cody Brechler,FR,,,,
Dallas College Richland,Cooper Reaves,FR,,,,
Dallas College Richland,Dante Mazzoccoli,FR,,,,
Dallas College Richland,Devin Watkins,SO,,,,
Dallas College Richland,Grant Liebenstein,FR,,,,
Dallas College Richland,Jacob Long,FR,,,C,Catcher
Dallas College Richland,Johnny Juarez,FR,,,IF,Infield
Dallas College Richland,Jonathan Banks,FR,,,,
Dallas College Richland,Jordan Toups,FR,,,,
Dallas College Richland,Mason Anania,SO,,,MIF,
Dallas College Richland,Max McLemore,FR,,,,
Dallas College Richland,Nick Jovich,FR,,,,
Dallas College Richland,Ryan Kramer,SO,,,,
Dallas College Richland,Xavier Perdomo,SO,,,MIF,
Eastern Oklahoma State College,Braden Sprague,SO,,,C/OF,Outfield|Catcher
Eastern Oklahoma State College,Bryson Carey,FR,,,OF,Outfield
Eastern Oklahoma State College,Caden Lesnau,RS FR,,,INF,Infield
Eastern Oklahoma State College,Caleb Rey,FR,,R,INF/RHP,Infield
Eastern Oklahoma State College,Canon Hardin,RS FR,,,C,Catcher
Eastern Oklahoma State College,Clayton Sanders,RS SO,,,C,Catcher
Eastern Oklahoma State College,Cole Edmondson,SO,,,OF,Outfield
Eastern Oklahoma State College,Cole Girard,SO,,,,
Eastern Oklahoma State College,Dawson Smith,SO,,,OF,Outfield
Eastern Oklahoma State College,Denim Sands,FR,,L,INF/LHP,Infield
Eastern Oklahoma State College,Denver Gillin,FR,,,OF,Outfield
Eastern Oklahoma State College,Gamble Bye,RS SO,,,INF,Infield
Eastern Oklahoma State College,JM Long,SO,,,INF,Infield
Eastern Oklahoma State College,Joseph Victery,RS SO,,,INF,Infield
Eastern Oklahoma State College,Kade Matthews-Boudreaux,SO,,,OF,Outfield
Eastern Oklahoma State College,Kaden Dollar,RS FR,,,INF,Infield
Eastern Oklahoma State College,Kooper Johnson,FR,,,OF,Outfield
Eastern Oklahoma State College,Lane Morris,RS FR,,,INF,Infield
Eastern Oklahoma State College,Luke Altom,FR,,,INF,Infield
Eastern Oklahoma State College,Mason DeVillier,FR,,R,OF/RHP,Outfield
Eastern Oklahoma State College,Nate Lloyd,FR,,R,RHP,
Eastern Oklahoma State College,Sean Raucher,RS FR,,,INF,Infield
Eastern Oklahoma State College,Tanner Hambright,FR,,,C,Catcher
Eastern Oklahoma State College,Zack Brame,FR,,,C,Catcher
Eastern Oklahoma State College,Zane Lynch,FR,,R,INF/RHP,Infield
El Paso Community College,April,,,,,
El Paso Community College,February,,,,,
El Paso Community College,January,,,,,
El Paso Community College,Losses,,,,,
El Paso Community College,March,,,,,
El Paso Community College,May,,,,,
El Paso Community College,Wins,,,,,
Frank Phillips College,AJ Reyes,SO,,,,
Frank Phillips College,Aidan Simmons,FR,,,,
Frank Phillips College,Angel Santana Navarro,SO,,,,
Frank Phillips College,April,,,,,
Frank Phillips College,Cam Landberg,FR,,,,
Frank Phillips College,Chase Ronnau,RS FR,,,OF,Outfield
Frank Phillips College,Cooper Bosher,FR,,,,
Frank Phillips College,February,,,,,
Frank Phillips College,Gavin Massey,FR,,,,
Frank Phillips College,Gustavo Marquez,,,,,
Frank Phillips College,Homero Munoz,SO,,,,
Frank Phillips College,Jayden Martinez,SO,,,,
Frank Phillips College,Jorden Taylor,FR,,,,
Frank Phillips College,Lachie Smith,RS FR,,,,
Frank Phillips College,Layton Rodriguez,RS SO,,,C,Catcher
Frank Phillips College,Losses,,,,,
Frank Phillips College,March,,,,,
Frank Phillips College,May,,,,,
Frank Phillips College,Mitch Denny,RS FR,,,,
Frank Phillips College,Pablo Hernandez,RS FR,,,,
Frank Phillips College,Ty Hoelting,SO,,,OF,Outfield
Frank Phillips College,Tyler Spiteri,RS SO,,,,
Frank Phillips College,Wins,,,,,
Galveston College,Ayden Pearcy,SO,,,,
Galveston College,Benjamin Karakasis,FR,,,,
Galveston College,Bennett Springer,SO,,,,
Galveston College,Blaze Milam,SO,,,,
Galveston College,Braden Klug,FR,,,,
Galveston College,Caden Robertson,FR,,,,
Galveston College,Caleb Fuentes,FR,,,,
Galveston College,Caleb Holifield,FR,,,,
Galveston College,Clayton Beckel,RS SO,,,,
Galveston College,Fabian Jiminez,RS FR,,,,
Galveston College,Flynn McKee,FR,,,,
Galveston College,Gavin Jacobs,RS SO,,,,
Galveston College,Hank Howard,RS SO,,,,
Galveston College,Jager Rahn,FR,,,,
Galveston College,James Janak,RS FR,,,,
Galveston College,Jaxon Rickert,FR,,,,
Galveston College,Jonathan Blackman,FR,,,,
Galveston College,Josh Garcia,RS FR,,,,
Galveston College,Kaden McCoy,SO,,,,
Galveston College,Kyan Wallington,RS FR,,,,
Galveston College,Lucas Moore,RS SO,,,,
Galveston College,Luke Donaghey,FR,,,,
Galveston College,Mason Hernandez,FR,,,,
Galveston College,Michal Zelenka,RS FR,,,,
Galveston College,Nicholas Paparella,SO,,,,
Galveston College,Nicholas Thomas,RS FR,,,,
Galveston College,Reese Brewer,RS FR,,,,
Galveston College,Reid Kilgo,FR,,,,
Galveston College,Ryan Hernandez,SO,,,,
Galveston College,Ryan Lewis,RS SO,,,,
Galveston College,Ryler Smart,RS FR,,,,
Galveston College,Sebastian Barrera,FR,,,C,Catcher
Galveston College,Seth Williams,RS SO,,,,
Galveston College,Trenton Buckley,SO,,,,
Galveston College,Zaiden Kiefer,RS FR,,,,
Grayson College,April,,,,,
Grayson College,Blake Lewis,RS FR,,,INF,Infield
Grayson College,Boyd Thompson,RS FR,,,INF,Infield
Grayson College,Caleb Watkins,SO,,,OF,Outfield
Grayson College,Cayden Campbell,FR,,R,INF/RHP,Infield
Grayson College,Colton Roquemore,RS FR,,,INF,Infield
Grayson College,David Hogg II,SO,,,INF,Infield
Grayson College,Drew Smith,RS FR,,,OF,Outfield
Grayson College,Easton Paxton,SO,,,INF,Infield
Grayson College,February,,,,,
Grayson College,Isaac Rios,FR,,R,INF/RHP,Infield
Grayson College,JT Cienega,SO,,,OF,Outfield
Grayson College,Jack Casteel,FR,,,1B/OF,Outfield|Infield|Corner Infield
Grayson College,Jack Sharp,SO,,R,RHP,
Grayson College,Josh Jordan,FR,,,C,Catcher
Grayson College,Kingston Hangartner,SO,,,INF,Infield
Grayson College,Losses,,,,,
Grayson College,March,,,,,
Grayson College,May,,,,,
Grayson College,Reese Ogden,FR,,,C,Catcher
Grayson College,Rhys Vindiola,FR,,,INF,Infield
Grayson College,Wins,,,,,
Hill College,Bryce Deason,SO,,,OF,Outfield
Hill College,CJ Lebouf,FR,,,1B,Infield|Corner Infield
Hill College,Chad Pantuso,SO,,,SS,Infield|MIF
Hill College,Dryden Fuoco,FR,,,1B,Infield|Corner Infield
Hill College,Ellington Jefferson,SO,,,OF,Outfield
Hill College,Hector Aguilar Jr.,FR,,,SS,Infield|MIF
Hill College,James Vanderpool,SO,,,1B,Infield|Corner Infield
Hill College,Jeziel Serrano,FR,,,SS,Infield|MIF
Hill College,Josh Leigh,FR,,,C,Catcher
Hill College,Kilian Redle,FR,,,C,Catcher
Hill College,Levi Rozenblum,SO,,,OF,Outfield
Hill College,Myles Hammonds,FR,,,SS,Infield|MIF
Hill College,Samuel York,SO,,,3B,Infield|Corner Infield
Hill College,Tanner Cooper,SO,,,C,Catcher
Hill College,Thomas McHugh,FR,,,1B/P,Infield|Corner Infield
Hill College,Trent Thompson,FR,,,3B,Infield|Corner Infield
Iowa Western Community College,Adam Kudronowicz,FR,,L,LHP/INF,Infield
Iowa Western Community College,Amarensio Franka,FR,,,IF,Infield
Iowa Western Community College,Austin Selenke,SO,,,OF,Outfield
Iowa Western Community College,Charlie Kalbrener,SO,,,INF/OF,Outfield|Infield
Iowa Western Community College,Dane Most,SO,,,IF,Infield
Iowa Western Community College,Dylan England,FR,,,INF/OF,Outfield|Infield
Iowa Western Community College,Griffin Novacek,FR,,,OF,Outfield
Iowa Western Community College,Jaison DeLamar,FR,,R,RHP/OF,Outfield
Iowa Western Community College,Jayden Nakamura,FR,,,IF,Infield
Iowa Western Community College,Josh Donna,SO,,,IF,Infield
Iowa Western Community College,Justin Rompré,FR,,,IF,Infield
Iowa Western Community College,Kane Wilson,SO,,,OF,Outfield
Iowa Western Community College,Kayden Anderson,SO,,,IF,Infield
Iowa Western Community College,Martin Serrano,SO,,,C,Catcher
Iowa Western Community College,Mike Valdivia,SO,,,IF,Infield
Iowa Western Community College,Noah Kubo,SO,,,C,Catcher
Iowa Western Community College,Nolan Geislinger,SO,,,OF,Outfield
Iowa Western Community College,Owen Baxter,SO,,,C,Catcher
Iowa Western Community College,Sean Schaefer,RS FR,,,OF,Outfield
Iowa Western Community College,Troy Peltz,FR,,,OF,Outfield
Johnson County Community College,Anson Siebert,FR,,,P,
Johnson County Community College,Ashton Hartwig,SO,,,OF,Outfield
Johnson County Community College,Ashton Nance,FR,,,P,
Johnson County Community College,Boston Bruce,SO,,,C,Catcher
Johnson County Community College,Brayden Giesler,FR,,,OF,Outfield
Johnson County Community College,Braylon Brooks,SO,,,P/IF,Infield
Johnson County Community College,Brett Pearcy,FR,,,P,
Johnson County Community College,Briggs Roe,SO,,,IF,Infield
Johnson County Community College,Cale Sudderth,FR,,,P,
Johnson County Community College,Colin Conrad,SO,,,P,
Johnson County Community College,Colin Coonradt,SO,,,UT,
Johnson County Community College,Cooper Frazier,FR,,,P,
Johnson County Community College,Cooper Westra,SO,,,P,
Johnson County Community College,David Dobbs,FR,,,C/OF,Outfield|Catcher
Johnson County Community College,Drake Gawer,FR,,,P,
Johnson County Community College,Evan Damario,FR,,,C,Catcher
Johnson County Community College,Evan Watson,FR,,,P,
Johnson County Community College,Hudson Byrd,SO,,,P,
Johnson County Community College,Isaac Pamaran,FR,,,OF,Outfield
Johnson County Community College,Jack Jones,FR,,,UT,
Johnson County Community College,Keston Holman,SO,,,P,
Johnson County Community College,Lance Alexander,FR,,,P,
Johnson County Community College,Liam Roche,FR,,,P,
Johnson County Community College,Logan Groh,SO,,,IF,Infield
Johnson County Community College,Lukas Wilson,FR,,,IF,Infield
Johnson County Community College,Max Waldschmidt,SO,,,P,
Johnson County Community College,Nolan Buss,FR,,,P,
Johnson County Community College,Reece Nutter,FR,,,P,
Johnson County Community College,Rocco Loffredo,FR,,,P,
Johnson County Community College,Ronin Vicenti,SO,,,P,
Johnson County Community College,Ryan Bradford,FR,,,UT,
Johnson County Community College,Trent Cornell,FR,,,UT,
Johnson County Community College,Victor Christal,SO,,,P,
Louisiana State University Eunice,"Bell, Dylan",,,,,
Louisiana State University Eunice,"Bergeron, Rowen",,,,,
Louisiana State University Eunice,"Bordelon, Mason",,,,,
Louisiana State University Eunice,"Carlson, Ian",,,,,
Louisiana State University Eunice,"Clapinski, Andrew",,,,,
Louisiana State University Eunice,"Cooley, Griffin",,,,,
Louisiana State University Eunice,"Dickinson, Tate",,,,,
Louisiana State University Eunice,"Fenske, Lane",,,,,
Louisiana State University Eunice,"Froehlich, Jacob",,,,,
Louisiana State University Eunice,"Gallien, Mekai",,,,,
Louisiana State University Eunice,"Gambel, Hunter",,,,,
Louisiana State University Eunice,"Goldapper, David",,,,,
Louisiana State University Eunice,"Hastings, Caleb",,,,,
Louisiana State University Eunice,"Hernandez, Hayden",,,,,
Louisiana State University Eunice,"Hicks, Dayton",,,,,
Louisiana State University Eunice,"Jacobs, McCray",,,,,
Louisiana State University Eunice,"LaCoste, Kade",,,,,
Louisiana State University Eunice,"Landreneau, Jaxon",,,,,
Louisiana State University Eunice,"LeBlanc, Easton",,,,,
Louisiana State University Eunice,"Louque, Marshall",,,,,
Louisiana State University Eunice,"Luna, Jordan",,,,,
Louisiana State University Eunice,"Marshall, Aarren",,,,,
Louisiana State University Eunice,"Mitchell, Tyler",,,,,
Louisiana State University Eunice,"Mouriz, Christian",,,,,
Louisiana State University Eunice,"Mouton, Aidan",,,,,
Louisiana State University Eunice,"Obradovich, Milan",,,,,
Louisiana State University Eunice,"Revord, Beau",,,,,
Louisiana State University Eunice,"Sabathe, Dalton",,,,,
Louisiana State University Eunice,"Scott, Cooper",,,,,
Louisiana State University Eunice,"Smith, Jake",,,,,
Louisiana State University Eunice,"Spangler, Hudson",,,,,
Louisiana State University Eunice,"Woods, Xavier",,,,,
McLennan Community College,Abdiel Hernandez Sostre,SO,,,INF,Infield
McLennan Community College,April,,,,,
McLennan Community College,Brady Quinn,FR,,,INF,Infield
McLennan Community College,Brandon Dickinson,SO,,,OF,Outfield
McLennan Community College,Brennon Seigler,FR,,,OF,Outfield
McLennan Community College,Brett Haggerty,SO,,,IF,Infield
McLennan Community College,Brock Lulewicz,FR,,,INF,Infield
McLennan Community College,Brody Chyr,SO,,,OF,Outfield
McLennan Community College,Bryce Hampton,FR,,,IF,Infield
McLennan Community College,Cooper McEnroe,FR,,,IF,Infield
McLennan Community College,February,,,,,
McLennan Community College,Hayden Crites,SO,,,C,Catcher
McLennan Community College,Losses,,,,,
McLennan Community College,March,,,,,
McLennan Community College,May,,,,,
McLennan Community College,Michael Peavy,FR,,R,C/RHP,Catcher
McLennan Community College,Miles Ghossein,FR,,,INF,Infield
McLennan Community College,Nathan Tobin,SO,,,OF,Outfield
McLennan Community College,Peyton Firgens,SO,,,INF,Infield
McLennan Community College,Ramon Corona,FR,,,C,Catcher
McLennan Community College,Samuel Jenkins,FR,,,OF,Outfield
McLennan Community College,Tyler Ness,SO,,,INF,Infield
McLennan Community College,Wins,,,,,
Midland College,AJ Velarde,SO,,R,RHP,
Midland College,Aidan DeLeon,RS FR,,R,RHP,
Midland College,April,,,,,
Midland College,Bammer Maes,FR,,,INF,Infield
Midland College,Brennan McTavish,RS SO,,,UTL,
Midland College,Caiden Olivas,FR,,,OF,Outfield
Midland College,Caleb Eagar,FR,,,C,Catcher
Midland College,Cole Neatherlin,FR,,,OF,Outfield
Midland College,Cooper Ivison,SO,,,OF,Outfield
Midland College,Cooper Kirkpatrick,SO,,,OF,Outfield
Midland College,Drew Martin,SO,,,C,Catcher
Midland College,Dylon Myrow,SO,,,UTL,
Midland College,February,,,,,
Midland College,Isaac Perez,SO,,,INF,Infield
Midland College,January,,,,,
Midland College,Jason Friel,FR,,,C,Catcher
Midland College,Jorge Gil,SO,,,INF,Infield
Midland College,Logan Reid,RS FR,,L,LHP,
Midland College,Losses,,,,,
Midland College,Luke Wheatley,SO,,,INF,Infield
Midland College,March,,,,,
Midland College,Maximus Wiley,FR,,,OF,Outfield
Midland College,May,,,,,
Midland College,Sebastian Lascurain,FR,,,C,Catcher
Midland College,Stevyn Andrachick,SO,,,UTL,
Midland College,Wiki DeLeon,SO,,,OF,Outfield
Midland College,Wins,,,,,
Navarro College,AJ Atkinson,FR,,,OF,Outfield
Navarro College,Adrian Baston,FR,,,OF,Outfield
Navarro College,Alex Caddell,SO,,R,RHP,
Navarro College,Andrew Sanchez,FR,,,1B,Infield|Corner Infield
Navarro College,Branden West,FR,,,INF,Infield
Navarro College,Braxton Heffernan,SO,,,OF,Outfield
Navarro College,Brayden McCormick,SO,,R,RHP,
Navarro College,Brayden Mulkey,FR,,,OF,Outfield
Navarro College,Brock DeYoung,SO,,,SS,Infield|MIF
Navarro College,Brody Kahle,FR,,R,RHP,
Navarro College,Cooper Markle,SO,,,C,Catcher
Navarro College,Grady Scarborough,FR,,R,RHP,
Navarro College,Grant Harlan,SO,,R,RHP,
Navarro College,Griffin Lyczkowski,FR,,,3B,Infield|Corner Infield
Navarro College,Hagen Tijerina,SO,,L,LHP,
Navarro College,Hayden Swenson,SO,,R,RHP,
Navarro College,Jarett Boswell,FR,,,1B,Infield|Corner Infield
Navarro College,Kannon Ritchie,FR,,L,LHP,
Navarro College,Krayton Ritchie,FR,,R,RHP,
Navarro College,Lucius Sokolovic,FR,,,OF,Outfield
Navarro College,Matthew Wiliams,FR,,R,RHP,
Navarro College,Robert Hamman,FR,,R,RHP,
Navarro College,Rock Duer,FR,,,OF,Outfield
Navarro College,Roman Cariaga,FR,,,C,Catcher
Navarro College,Spencer Coon,SO,,R,RHP,
Navarro College,Spencer Cox,FR,,,INF,Infield
Navarro College,Steven Ramos,SO,,,2B,Infield|MIF
Navarro College,Tommy Mulkern,SO,,R,RHP,
Navarro College,Tyler Sessions,SO,,,1B,Infield|Corner Infield
Navarro College,Tyson Brooks,FR,,R,RHP/C,Catcher
New Mexico Junior College,April,,,,,
New Mexico Junior College,Aubrey Wells Peterson,FR,,,OF,Outfield
New Mexico Junior College,Callan Warren,FR,,R,RHP,
New Mexico Junior College,Casen Savage,SO,,,OF,Outfield
New Mexico Junior College,Cooper Popejoy,FR,,,,
New Mexico Junior College,February,,,,,
New Mexico Junior College,January,,,,,
New Mexico Junior College,Javier Diaz,SO,,,IF,Infield
New Mexico Junior College,Jeremy Cuevas,FR,,,IF,Infield
New Mexico Junior College,Jesus Mejias,SO,,,IF,Infield
New Mexico Junior College,Jeter Battles,SO,,,Utility,
New Mexico Junior College,Losses,,,,,
New Mexico Junior College,March,,,,,
New Mexico Junior College,Marvin Hill,SO,,,OF,Outfield
New Mexico Junior College,May,,,,,
New Mexico Junior College,Mekhi Brewer,FR,,,IF,Infield
New Mexico Junior College,Omar Reluz,SO,,,IF,Infield
New Mexico Junior College,Peyton Pierce,SO,,,C,Catcher
New Mexico Junior College,Roman Trinidad,SO,,,OF,Outfield
New Mexico Junior College,Sammy Morales,FR,,,IF,Infield
New Mexico Junior College,Talan Barraza,SO,,,IF,Infield
New Mexico Junior College,Theo Garcia,FR,,,C,Catcher
New Mexico Junior College,Vaughn Maginn,FR,,,C,Catcher
New Mexico Junior College,Wins,,,,,
New Mexico Junior College,Zach Altamura,FR,,,IF,Infield
North Central Texas College,April,,,,,
North Central Texas College,February,,,,,
North Central Texas College,Losses,,,,,
North Central Texas College,March,,,,,
North Central Texas College,May,,,,,
North Central Texas College,Wins,,,,,
Northeast Texas Community College,BJ Lumkins,SO,,,OF,Outfield
Northeast Texas Community College,Barrett Hamilton,FR,,R,RHP,
Northeast Texas Community College,Boston Seahorn,SO,,,IF,Infield
Northeast Texas Community College,Brady Smedshammer,FR,,L,LHP,
Northeast Texas Community College,Bryson Bentley,SO,,L,LHP/OF,Outfield
Northeast Texas Community College,Caedon Alexander,FR,,R,RHP,
Northeast Texas Community College,Cameron Reiter,FR,,,IF,Infield
Northeast Texas Community College,Carson Umphres,FR,,,OF,Outfield
Northeast Texas Community College,Chris Whitaker,FR,,R,RHP,
Northeast Texas Community College,Cooper Schwank,SO,,R,RHP,
Northeast Texas Community College,Cooper Zeiders,FR,,,IF,Infield
Northeast Texas Community College,David Sorg,SO,,,1B,Infield|Corner Infield
Northeast Texas Community College,Drew Flores,FR,,R,RHP/C,Catcher
Northeast Texas Community College,Jace Garber,FR,,R,RHP,
Northeast Texas Community College,Jack Ortego,FR,,,C,Catcher
Northeast Texas Community College,Jake Farris,SO,,,OF,Outfield
Northeast Texas Community College,Jake Pempsell,FR,,R,RHP,
Northeast Texas Community College,Jax Prewitt,FR,,R,RHP,
Northeast Texas Community College,Jonathon Kent,SO,,,IF,Infield
Northeast Texas Community College,Josh Staten,SO,,,OF,Outfield
Northeast Texas Community College,Kaleb Kuhn,SO,,L,LHP,
Northeast Texas Community College,Kaleb Steiger,FR,,,IF,Infield
Northeast Texas Community College,Kyler Miritello,SO,,R,RHP,
Northeast Texas Community College,Lane Cole,FR,,R,RHP,
Northeast Texas Community College,Luke Nohinek,SO,,,C,Catcher
Northeast Texas Community College,Mason Pate,FR,,,OF,Outfield
Northeast Texas Community College,Nathaniel Chambers,FR,,R,RHP,
Northeast Texas Community College,Sam Durard,FR,,R,RHP,
Northeast Texas Community College,Tanner Webb,FR,,R,RHP,
Odessa College,Alejandro Rivera,SO,,,OF,Outfield
Odessa College,Andres Cordero,FR,,,OF,Outfield
Odessa College,April,,,,,
Odessa College,Bach Hartwig,FR,,,INF,Infield
Odessa College,Camden Babcock,SO,,,INF,Infield
Odessa College,Connor Rabe,SO,,,C,Catcher
Odessa College,Donovan Arroyo,FR,,,IF,Infield
Odessa College,Eduardo Lopez,SO,,,INF,Infield
Odessa College,Evan Mann,FR,,,INF,Infield
Odessa College,February,,,,,
Odessa College,Griffin Williams,SO,,,INF,Infield
Odessa College,Jacob Delgadillo,FR,,,C,Catcher
Odessa College,John Byler,FR,,,INF,Infield
Odessa College,John Clark,FR,,,INF,Infield
Odessa College,Julian Moya,SO,,R,INF/RHP,Infield
Odessa College,Korey Alston,FR,,R,RHP/OF,Outfield
Odessa College,Losses,,,,,
Odessa College,Luke Holley,FR,,,UTL,
Odessa College,March,,,,,
Odessa College,Mateo Garcia,FR,,,INF,Infield
Odessa College,May,,,,,
Odessa College,Nathaniel Mendoza,SO,,,IF,Infield
Odessa College,Patrick Zaino,FR,,,OF,Outfield
Odessa College,Paxton Samuelson,SO,,,OF,Outfield
Odessa College,Rycichiro Uno,FR,,,UTL,
Odessa College,Trey Jeanes,SO,,,INF,Infield
Odessa College,Wesley Shackleford,FR,,R,RHP,
Odessa College,Wins,,,,,
Panola College,Adin Ruiz,SO,,R,RHP,
Panola College,Ashton Bennight,SO,,,OF,Outfield
Panola College,Austin Hardy,SO,,,INF,Infield
Panola College,Brandon Gonzalez,SO,,R,INF/RHP,Infield
Panola College,Brian Schumacher,FR,,,OF,Outfield
Panola College,Brock Grainger,SO,,,C/INF,Infield|Catcher
Panola College,Brody Slaten,SO,,R,RHP,
Panola College,Bryce Payne,FR,,R,RHP,
Panola College,Caden Wellmann,SO,,,UTL,
Panola College,Cameron Turner,FR,,,INF,Infield
Panola College,Carson Rea,SO,,R,RHP,
Panola College,Chris Guzaldo,SO,,,INF,Infield
Panola College,Derek DeVos,SO,,R,RHP,
Panola College,Donnie Edgar,SO,,R,RHP,
Panola College,Felix Gosselin,FR,,,INF,Infield
Panola College,Hudson Boring,FR,,R,RHP,
Panola College,Jackson Glymph,SO,,,OF,Outfield
Panola College,Jose Torrens,SO,,,OF,Outfield
Panola College,Just Van den Ouweelen,SO,,R,RHP,
Panola College,Justin Anctil,SO,,,C,Catcher
Panola College,Kade Crawford,SO,,,OF,Outfield
Panola College,Logan Garren,FR,,R,RHP,
Panola College,Luke Paxton,SO,,,OF,Outfield
Panola College,Matthew Novominsky,SO,,,OF,Outfield
Panola College,Mitchell Heinrich,SO,,R,RHP,
Panola College,Nolan Cruz,FR,,R,RHP,
Panola College,Preston Lynch,FR,,,C,Catcher
Panola College,Preston Tocheniuk,FR,,R,RHP,
Panola College,Richard Shaw,FR,,L,LHP,
Panola College,Tristan Raley,FR,,,INF,Infield
Paris Junior College,Austin Marlin,SO,,,OF/1B,Outfield|Infield|Corner Infield
Paris Junior College,Bankston Lembcke,SO,,,INF,Infield
Paris Junior College,Brock McKown,SO,,,P,
Paris Junior College,Bryce Tapley,FR,,,OF,Outfield
Paris Junior College,Caiden White,FR,,,P,
Paris Junior College,Dalton Dick,SO,,,OF,Outfield
Paris Junior College,Diego Gonzalez,SO,,,C,Catcher
Paris Junior College,Erick Thompson,SO,,,INF,Infield
Paris Junior College,Ethan Espiricueta,FR,,,INF,Infield
Paris Junior College,Grant Moore,SO,,,OF,Outfield
Paris Junior College,Jackson Thomas,FR,,,P,
Paris Junior College,Javier Rodriguez,SO,,,INF,Infield
Paris Junior College,Jonnie Gifford,FR,,,C/1B,Infield|Corner Infield|Catcher
Paris Junior College,Jordan Coronado,SO,,,UT/P,
Paris Junior College,Logan Mitchell,FR,,,P,
Paris Junior College,Luke Kemp,FR,,,OF,Outfield
Paris Junior College,Michael Clarkson,FR,,,C/1B,Infield|Corner Infield|Catcher
Paris Junior College,Michael Sanchez,FR,,,P,
Paris Junior College,Nadav Machlin,FR,,,INF,Infield
Paris Junior College,Nick Bowman,SO,,,P,
Paris Junior College,Noah David,SO,,,P,
Paris Junior College,Riley Wood,FR,,,1B/P,Infield|Corner Infield
Paris Junior College,Ryder Caloway,FR,,,P,
Paris Junior College,Shiloh Callaway,FR,,,P,
Paris Junior College,Topher McDaniel,SO,,,P,
Paris Junior College,Wes Johnston,SO,,,P,
Paris Junior College,Zack Henderson,SO,,,OF,Outfield
Ranger College,Adriano Fernandez,FR,,,IF,Infield
Ranger College,Alberto Sanchez,FR,,,IF,Infield
Ranger College,Andrew Weckel,SO,,,IF,Infield
Ranger College,April,,,,,
Ranger College,Ashton Fisher,SO,,,IF,Infield
Ranger College,Brandon Leon,FR,,,UTL,
Ranger College,Brice Smith,SO,,,1B/OF,Outfield|Infield|Corner Infield
Ranger College,Caleb Lopez,FR,,,C,Catcher
Ranger College,Colby Clinkscales,FR,,,UTL,
Ranger College,Cooper Haygood,FR,,R,RHP/INF,Infield
Ranger College,February,,,,,
Ranger College,Grant Cerveny,FR,,,OF,Outfield
Ranger College,Hunter Taylor,FR,,,C,Catcher
Ranger College,Jackson Hopper,FR,,,IF,Infield
Ranger College,January,,,,,
Ranger College,Jeremiah Torres,SO,,,IF,Infield
Ranger College,Joey Rodriguez,SO,,,C,Catcher
Ranger College,Jordan Enyart,FR,,,IF,Infield
Ranger College,Kaden Jammer,FR,,R,RHP/IF,Infield
Ranger College,Lawson Mooney,FR,,,OF,Outfield
Ranger College,Losses,,,,,
Ranger College,March,,,,,
Ranger College,Reid Richard,SO,,,OF,Outfield
Ranger College,Riley Akins,FR,,,C,Catcher
Ranger College,Samuel Kelley,SO,,,OF,Outfield
Ranger College,Sean Gardiner,SO,,,UTL,
Ranger College,Will Moffit,FR,,,OF,Outfield
Ranger College,Wins,,,,,
Salt Lake Community College,"Banks, Hudson",,,,,
Salt Lake Community College,"Beames, Case",,,,,
Salt Lake Community College,"Brown, Riley",,,,,
Salt Lake Community College,"Chambers, Colby",,,,,
Salt Lake Community College,"Chavez, Lute",,,,,
Salt Lake Community College,"Comer, Easton",,,,,
Salt Lake Community College,"Daniels, Grady",,,,,
Salt Lake Community College,"Dart, Will",,,,,
Salt Lake Community College,"Davies, Easton",,,,,
Salt Lake Community College,"Davis, Tyler",,,,,
Salt Lake Community College,"Drachman, Connor",,,,,
Salt Lake Community College,"Ellison, Dalyn",,,,,
Salt Lake Community College,"Fenn, Zaylun",,,,,
Salt Lake Community College,"Gambill, Kade",,,,,
Salt Lake Community College,"Green, Mason",,,,,
Salt Lake Community College,"Hodson, Kaden",,,,,
Salt Lake Community College,"Iacono, Ethan",,,,,
Salt Lake Community College,"Jacobs, Boston",,,,,
Salt Lake Community College,"Jenkins, Heber",,,,,
Salt Lake Community College,"Laycock, Austin",,,,,
Salt Lake Community College,"Martin, Greyson",,,,,
Salt Lake Community College,"Moody, Carson",,,,,
Salt Lake Community College,"Mousser, Max",,,,,
Salt Lake Community College,"Nielsen, Cal",,,,,
Salt Lake Community College,"Olson, Brayden",,,,,
Salt Lake Community College,"Reynolds, Ryan",,,,,
Salt Lake Community College,"Roberts, Willy",,,,,
Salt Lake Community College,"Robinson, Casey",,,,,
Salt Lake Community College,"Roos, Colin",,,,,
Salt Lake Community College,"Schwaiger, Ty",,,,,
Salt Lake Community College,"Smith, Drew",,,,,
Salt Lake Community College,"Tebbs, Kaleb",,,,,
Salt Lake Community College,"Thomas, AJ",,,,,
Salt Lake Community College,"Tillitt, Nolan",,,,,
Salt Lake Community College,"Vernon, Alex",,,,,
Salt Lake Community College,"Walkenhorst, Tanner",,,,,
Salt Lake Community College,"Wareham, Gage",,,,,
Salt Lake Community College,"Wayman, Ethan",,,,,
Salt Lake Community College,"West, Tyler",,,,,
Salt Lake Community College,"Young, Thomas",,,,,
Salt Lake Community College,"Zullo, Dylan",,,,,
San Jacinto College-North,0 0,,,,,
San Jacinto College-North,26 26,,,,,
San Jacinto College-North,"Alsobrooks, Christopher",,,,,
San Jacinto College-North,"Ambrose, Jackson",,,,,
San Jacinto College-North,"Anzaldua, Matai",,,,,
San Jacinto College-North,"Belle, Nathan",,,,,
San Jacinto College-North,"Bevington, Ryan",,,,,
San Jacinto College-North,"Cercello, Dan",,,,,
San Jacinto College-North,"Chavez, Keegan",,,,,
San Jacinto College-North,"Crain, Hunter",,,,,
San Jacinto College-North,"De Los Santos, Christian",,,,,
San Jacinto College-North,"Dobbs, Kade",,,,,
San Jacinto College-North,"Dorantes, Manny",,,,,
San Jacinto College-North,"Espinosa, Manny",,,,,
San Jacinto College-North,"Flores, Trenton",,,,,
San Jacinto College-North,"Fonte, Andrew",,,,,
San Jacinto College-North,"Fronduto, Danati",,,,,
San Jacinto College-North,"Furcal, RJ",,,,,
San Jacinto College-North,"Garcia, Javier",,,,,
San Jacinto College-North,"Garza, Jorge",,,,,
San Jacinto College-North,"Hill, Caleb",,,,,
San Jacinto College-North,"Johnson, Kade",,,,,
San Jacinto College-North,"Keo, Maddox",,,,,
San Jacinto College-North,"Lewis, Patrick",,,,,
San Jacinto College-North,"Marek, Jack",,,,,
San Jacinto College-North,"Matthews, Parker",,,,,
San Jacinto College-North,"McIntyre, Dylan",,,,,
San Jacinto College-North,"O'Daniel, Jakob",,,,,
San Jacinto College-North,"Olivares, RJ",,,,,
San Jacinto College-North,"Pagan, Rayvin",,,,,
San Jacinto College-North,"Palacios, Cody",,,,,
San Jacinto College-North,"Peshke, Ashton",,,,,
San Jacinto College-North,"Ramos, Andrew",,,,,
San Jacinto College-North,"Rudder, Lance",,,,,
San Jacinto College-North,"Sanchez, Aiden",,,,,
San Jacinto College-North,"Seoane, Ezekiel",,,,,
San Jacinto College-North,"Stottlemyre, TJ",,,,,
San Jacinto College-North,"Tarkington, Trey",,,,,
Seminole State College (OK),BENNETT CRAFTON,SO,,,,
Seminole State College (OK),BRAYDEN HARPOLE,SO,,,,
Seminole State College (OK),BROCK NATALE,FR,,,,
Seminole State College (OK),CAMPBELL MARTIN,FR,,,,
Seminole State College (OK),CARTER STERLING,SO,,,,
Seminole State College (OK),COBY MCBRIDE,FR,,,OF,Outfield
Seminole State College (OK),COHL MCCOY,SO,,,,
Seminole State College (OK),DYLAN RESTINE,FR,,,C,Catcher
Seminole State College (OK),ELI MCCALL,FR,,,,
Seminole State College (OK),GAVIN WILLIAMS,SO,,,C,Catcher
Seminole State College (OK),GUILLERMO CASTANEDA,SO,,,,
Seminole State College (OK),HECTOR ROCA,SO,,,,
Seminole State College (OK),HUTCH RUSSELL,SO,,,,
Seminole State College (OK),JACKSON LUNDQUIST,SO,,,,
Seminole State College (OK),JACKSON PICKELSIMER,SO,,,,
Seminole State College (OK),JACKSON ROBNETT,FR,,,,
Seminole State College (OK),JARED VEGA,FR,,,,
Seminole State College (OK),JARRET HALTER,FR,,,,
Seminole State College (OK),JAYLON HUMBLES,SO,,,,
Seminole State College (OK),JOSEPH FRAZIER,FR,,,OF,Outfield
Seminole State College (OK),KENDRIC MOLINA,FR,,,,
Seminole State College (OK),RAY KUHLMAN,FR,,,,
Seminole State College (OK),TAGEN SIMON,SO,,,C,Catcher
Seminole State College (OK),WILL LUNDQUIST,FR,,,,
Seminole State College (OK),WT JONES,SO,,,,
Temple College,April,,,,,
Temple College,Brody Cole,FR,,,IF,Infield
Temple College,Bryton Bertrand,FR,,,OF,Outfield
Temple College,Cameron Bartz,FR,,,OF,Outfield
Temple College,Chase Fricke,FR,,,UTL/P,
Temple College,"Davin ""Peanut"" Brazzle",SO,,,OF,Outfield
Temple College,Easton Rinewalt,FR,,,IF,Infield
Temple College,Elias Leon-Padilla,FR,,,C,Catcher
Temple College,Enrique Perozo,SO,,,C,Catcher
Temple College,February,,,,,
Temple College,Hunter Baros,SO,,,IF,Infield
Temple College,January,,,,,
Temple College,Kade Davis,SO,,,P/OF,Outfield
Temple College,Kanyon Millar,FR,,,IF,Infield
Temple College,Kash Millar,SO,,,IF,Infield
Temple College,Landon Miller,SO,,,P,
Temple College,"Lisandro ""Ricky"" Montijo",FR,,,C/UTL,Catcher
Temple College,Losses,,,,,
Temple College,March,,,,,
Temple College,May,,,,,
Temple College,Ryan Hunter,FR,,,C/UTL,Catcher
Temple College,Sage Sanders,SO,,,IF,Infield
Temple College,Trajan Godbee,FR,,,IF,Infield
Temple College,Wade Stallones,FR,,,OF,Outfield
Temple College,Wins,,,,,
Temple College,Yarel Delgado,FR,,,OF,Outfield
Vernon College,April,,,,,
Vernon College,Benito Bonilla,SO,,,,
Vernon College,Brady Shelton,FR,,,,
Vernon College,Brandon Paez,FR,,,,
Vernon College,Evan Dugdale,FR,,,,
Vernon College,February,,,,,
Vernon College,Irvin Leonard,SO,,,,
Vernon College,Jack LaRose,FR,,,,
Vernon College,Jacob Wehba,FR,,,,
Vernon College,Jayden Lusk,FR,,,,
Vernon College,Jorge Olivera-Gutierrez,SO,,,,
Vernon College,Josnel Ortiz,FR,,,,
Vernon College,Losses,,,,,
Vernon College,March,,,,,
Vernon College,May,,,,,
Vernon College,Michael Russell,SO,,,,
Vernon College,Rex Rambo,FR,,,,
Vernon College,Wins,,,,,
Wabash Valley College,Andrew Dixon,FR,,,,
Wabash Valley College,Argenis Lopez,SO,,,1B,Infield|Corner Infield
Wabash Valley College,Brady Atwell,FR,,,C,Catcher
Wabash Valley College,Brady Schallmoser,FR,,,,
Wabash Valley College,Bryce Adams,FR,,,,
Wabash Valley College,Cameron Dube,FR,,,,
Wabash Valley College,Colin McNeer,FR,,,IF,Infield
Wabash Valley College,Connor Christenson,RS SO,,,IF,Infield
Wabash Valley College,Dean Staudacher,FR,,,,
Wabash Valley College,Drake DeFreitas,SO,,R,RHP/IF,Infield
Wabash Valley College,Enrico Veach,SO,,,IF,Infield
Wabash Valley College,Gavin Hoel,FR,,,,
Wabash Valley College,Julez Pratt,FR,,,,
Wabash Valley College,Konner Brown,SO,,,IF,Infield
Wabash Valley College,Leandro Hernandez,FR,,,,
Wabash Valley College,Logan Marsell,SO,,,OF,Outfield
Wabash Valley College,Martin Ledbetter,FR,,,,
Wabash Valley College,Matthew Simmons,FR,,,,
Wabash Valley College,Owen Cornett,RS SO,,,1B,Infield|Corner Infield
Wabash Valley College,Preston Barr,SO,,R,RHP,
Wabash Valley College,Reece Harbison,FR,,,,
Wabash Valley College,Tyler Peller,FR,,,,
Weatherford College,Austin Godwin,SO,,,IF,Infield
Weatherford College,Blake Martinez,SO,,,OF,Outfield
Weatherford College,Brittain Urbaniak,FR,,,1B,Infield|Corner Infield
Weatherford College,Caden Mitchell,SO,,,C,Catcher
Weatherford College,Cayden Byrd,SO,,,OF,Outfield
Weatherford College,Garrett Schroeder,SO,,,OF,Outfield
Weatherford College,Jackson Irons,FR,,,1B,Infield|Corner Infield
Weatherford College,Jake Overstreet,SO,,,C,Catcher
Weatherford College,Joseph Sandusky,FR,,,IF,Infield
Weatherford College,Kaden Robardey,FR,,,OF,Outfield
Weatherford College,Kyzer Harrington,SO,,,IF,Infield
Weatherford College,Levi Martinez,FR,,,C,Catcher
Weatherford College,RJ Machado,FR,,,IF,Infield
Weatherford College,Spencer Butt,SO,,,IF,Infield
Weatherford College,Tanner Sever,SO,,,IF,Infield
Weatherford College,Ty Waid,SO,,R,UT/RHP,
Weatherford College,Walt Jones,FR,,,IF,Infield
Western Texas College,April,,,,,
Western Texas College,February,,,,,
Western Texas College,January,,,,,
Western Texas College,Losses,,,,,
Western Texas College,March,,,,,
Western Texas College,May,,,,,
Western Texas College,Wins,,,,,
Wharton County Junior College,Bode Allan,FR,,R,RHP,
Wharton County Junior College,Carson Bratcher,FR,,R,RHP,
Wharton County Junior College,Carson Sydnor,FR,,L,LHP,
Wharton County Junior College,Connor Priddy,SO,,R,RHP,
Wharton County Junior College,Drew McRae,FR,,R,RHP,
Wharton County Junior College,Erich Daigle,FR,,R,RHP,
Wharton County Junior College,Grant Burns,FR,,R,RHP,
Wharton County Junior College,Harrison Wall,SO,,R,RHP,
Wharton County Junior College,Jaxon Lanclos,FR,,R,IF/RHP,Infield
Wharton County Junior College,Mason Kinchen,FR,,L,LHP,
Wharton County Junior College,Morgan Garrett,FR,,R,RHP,
Wharton County Junior College,Ryan Gonzales,FR,,L,LHP,
Wharton County Junior College,Teddy Herce,FR,,R,RHP,
Wharton County Junior College,Trevor Ainsworth,SO,,R,RHP,
Wharton County Junior College,Zack Mann,FR,,R,RHP,
Wharton County Junior College,Zakory Garcia,FR,,R,RHP,
